TITLE = "SU2 Simulation"
VARIABLES = "Iteration","CL","CD","CSF","CMx","CMy","CMz","CFx","CFy","CFz","CL/CD","AoA","Custom_ObjFunc","HeatFlux_Total","HeatFlux_Maximum","Temperature_Total","Res_Flow[0]","Res_Flow[1]","Res_Flow[2]","Res_Flow[3]","Res_Flow[4]","Res_Turb[0]","Linear_Solver_Iterations","CFL_Number","Time(min)"
ZONE T= "Convergence history"
           0, 0.00000000e+00, 0.00000000e+00, 0.00000000e+00, 0.00000000e+00, 0.00000000e+00, 0.00000000e+00, 0.00000000e+00, 0.00000000e+00, 0.00000000e+00, 0.00000000e+00, 0.00000000e+00, 0.00000000e+00, 0.00000000e+00, 0.00000000e+00, 0.00000000e+00, -3.45847694e+00, -9.20833850e-01, -6.13872841e+00, -1.48152952e+01, 2.00400575e+00, -7.6311118646, 0.0000000000, 0.8000000000, 0.0138790833
           1, 0.00000000e+00, 0.00000000e+00, 0.00000000e+00, 0.00000000e+00, 0.00000000e+00, 0.00000000e+00, 0.00000000e+00, 0.00000000e+00, 0.00000000e+00, 0.00000000e+00, 0.00000000e+00, 0.00000000e+00, 0.00000000e+00, 0.00000000e+00, 0.00000000e+00, -3.47256815e+00, -9.00596606e-01, -1.80186192e+00, -1.72891739e+00, 1.98743438e+00, -7.5732415711, 0.0000000000, 0.8000000000, 0.0275329667
           2, 0.00000000e+00, 0.00000000e+00, 0.00000000e+00, 0.00000000e+00, 0.00000000e+00, 0.00000000e+00, 0.00000000e+00, 0.00000000e+00, 0.00000000e+00, 0.00000000e+00, 0.00000000e+00, 0.00000000e+00, 0.00000000e+00, 0.00000000e+00, 0.00000000e+00, -3.47587611e+00, -8.99302208e-01, -1.77666000e+00, -1.69259058e+00, 1.98352951e+00, -7.5763680717, 0.0000000000, 0.8000000000, 0.0406541500
           3, 0.00000000e+00, 0.00000000e+00, 0.00000000e+00, 0.00000000e+00, 0.00000000e+00, 0.00000000e+00, 0.00000000e+00, 0.00000000e+00, 0.00000000e+00, 0.00000000e+00, 0.00000000e+00, 0.00000000e+00, 0.00000000e+00, 0.00000000e+00, 0.00000000e+00, -3.47830477e+00, -8.98135913e-01, -1.73515202e+00, -1.64007527e+00, 1.98058149e+00, -7.5824615502, 0.0000000000, 0.8000000000, 0.0543145500
           4, 0.00000000e+00, 0.00000000e+00, 0.00000000e+00, 0.00000000e+00, 0.00000000e+00, 0.00000000e+00, 0.00000000e+00, 0.00000000e+00, 0.00000000e+00, 0.00000000e+00, 0.00000000e+00, 0.00000000e+00, 0.00000000e+00, 0.00000000e+00, 0.00000000e+00, -3.48020904e+00, -8.97104531e-01, -1.69782447e+00, -1.59497249e+00, 1.97826586e+00, -7.5894899983, 0.0000000000, 0.8000000000, 0.0673740167
           5, 0.00000000e+00, 0.00000000e+00, 0.00000000e+00, 0.00000000e+00, 0.00000000e+00, 0.00000000e+00, 0.00000000e+00, 0.00000000e+00, 0.00000000e+00, 0.00000000e+00, 0.00000000e+00, 0.00000000e+00, 0.00000000e+00, 0.00000000e+00, 0.00000000e+00, -3.48162661e+00, -8.96171848e-01, -1.66900236e+00, -1.56039441e+00, 1.97659395e+00, -7.5960844660, 0.0000000000, 0.8000000000, 0.0807761667
           6, 0.00000000e+00, 0.00000000e+00, 0.00000000e+00, 0.00000000e+00, 0.00000000e+00, 0.00000000e+00, 0.00000000e+00, 0.00000000e+00, 0.00000000e+00, 0.00000000e+00, 0.00000000e+00, 0.00000000e+00, 0.00000000e+00, 0.00000000e+00, 0.00000000e+00, -3.48259787e+00, -8.95324734e-01, -1.64834537e+00, -1.53479711e+00, 1.97554043e+00, -7.6015242812, 0.0000000000, 0.8000000000, 0.0939521500
           7, 0.00000000e+00, 0.00000000e+00, 0.00000000e+00, 0.00000000e+00, 0.00000000e+00, 0.00000000e+00, 0.00000000e+00, 0.00000000e+00, 0.00000000e+00, 0.00000000e+00, 0.00000000e+00, 0.00000000e+00, 0.00000000e+00, 0.00000000e+00, 0.00000000e+00, -3.48323546e+00, -8.94572414e-01, -1.63439276e+00, -1.51592318e+00, 1.97496755e+00, -7.6044438098, 0.0000000000, 0.8000000000, 0.1070355167
           8, 0.00000000e+00, 0.00000000e+00, 0.00000000e+00, 0.00000000e+00, 0.00000000e+00, 0.00000000e+00, 0.00000000e+00, 0.00000000e+00, 0.00000000e+00, 0.00000000e+00, 0.00000000e+00, 0.00000000e+00, 0.00000000e+00, 0.00000000e+00, 0.00000000e+00, -3.48369940e+00, -8.93943551e-01, -1.62553985e+00, -1.50179046e+00, 1.97466652e+00, -7.6070902137, 0.0000000000, 0.8000000000, 0.1200976833
           9, 0.00000000e+00, 0.00000000e+00, 0.00000000e+00, 0.00000000e+00, 0.00000000e+00, 0.00000000e+00, 0.00000000e+00, 0.00000000e+00, 0.00000000e+00, 0.00000000e+00, 0.00000000e+00, 0.00000000e+00, 0.00000000e+00, 0.00000000e+00, 0.00000000e+00, -3.48414823e+00, -8.93466811e-01, -1.62026170e+00, -1.49079392e+00, 1.97442770e+00, -7.6115014874, 0.0000000000, 0.8000000000, 0.1341050500
          10, 0.00000000e+00, 0.00000000e+00, 0.00000000e+00, 0.00000000e+00, 0.00000000e+00, 0.00000000e+00, 0.00000000e+00, 0.00000000e+00, 0.00000000e+00, 0.00000000e+00, 0.00000000e+00, 0.00000000e+00, 0.00000000e+00, 0.00000000e+00, 0.00000000e+00, -3.48470933e+00, -8.93155453e-01, -1.61719221e+00, -1.48166246e+00, 1.97408423e+00, -7.6133979814, 0.0000000000, 0.8000000000, 0.1486892500
          11, 0.00000000e+00, 0.00000000e+00, 0.00000000e+00, 0.00000000e+00, 0.00000000e+00, 0.00000000e+00, 0.00000000e+00, 0.00000000e+00, 0.00000000e+00, 0.00000000e+00, 0.00000000e+00, 0.00000000e+00, 0.00000000e+00, 0.00000000e+00, 0.00000000e+00, -3.48548705e+00, -8.93032515e-01, -1.61528125e+00, -1.47348235e+00, 1.97350385e+00, -7.6133623657, 0.0000000000, 0.8000000000, 0.1631373500
          12, 0.00000000e+00, 0.00000000e+00, 0.00000000e+00, 0.00000000e+00, 0.00000000e+00, 0.00000000e+00, 0.00000000e+00, 0.00000000e+00, 0.00000000e+00, 0.00000000e+00, 0.00000000e+00, 0.00000000e+00, 0.00000000e+00, 0.00000000e+00, 0.00000000e+00, -3.48656329e+00, -8.93129468e-01, -1.61382945e+00, -1.46564718e+00, 1.97258610e+00, -7.6109685980, 0.0000000000, 0.8000000000, 0.1776592833
          13, 0.00000000e+00, 0.00000000e+00, 0.00000000e+00, 0.00000000e+00, 0.00000000e+00, 0.00000000e+00, 0.00000000e+00, 0.00000000e+00, 0.00000000e+00, 0.00000000e+00, 0.00000000e+00, 0.00000000e+00, 0.00000000e+00, 0.00000000e+00, 0.00000000e+00, -3.48796961e+00, -8.93461617e-01, -1.61246755e+00, -1.45775421e+00, 1.97129324e+00, -7.6145117639, 0.0000000000, 0.8000000000, 0.1910798667
          14, 0.00000000e+00, 0.00000000e+00, 0.00000000e+00, 0.00000000e+00, 0.00000000e+00, 0.00000000e+00, 0.00000000e+00, 0.00000000e+00, 0.00000000e+00, 0.00000000e+00, 0.00000000e+00, 0.00000000e+00, 0.00000000e+00, 0.00000000e+00, 0.00000000e+00, -3.48967597e+00, -8.94027587e-01, -1.61102967e+00, -1.44974239e+00, 1.96966283e+00, -7.6162104159, 0.0000000000, 0.8000000000, 0.2046947667
          15, 0.00000000e+00, 0.00000000e+00, 0.00000000e+00, 0.00000000e+00, 0.00000000e+00, 0.00000000e+00, 0.00000000e+00, 0.00000000e+00, 0.00000000e+00, 0.00000000e+00, 0.00000000e+00, 0.00000000e+00, 0.00000000e+00, 0.00000000e+00, 0.00000000e+00, -3.49159553e+00, -8.94795104e-01, -1.60957469e+00, -1.44193264e+00, 1.96780113e+00, -7.6159886560, 0.0000000000, 0.8000000000, 0.2192842333
          16, 0.00000000e+00, 0.00000000e+00, 0.00000000e+00, 0.00000000e+00, 0.00000000e+00, 0.00000000e+00, 0.00000000e+00, 0.00000000e+00, 0.00000000e+00, 0.00000000e+00, 0.00000000e+00, 0.00000000e+00, 0.00000000e+00, 0.00000000e+00, 0.00000000e+00, -3.49361600e+00, -8.95722388e-01, -1.60834470e+00, -1.43477379e+00, 1.96584510e+00, -7.6160144723, 0.0000000000, 0.8000000000, 0.2332131333
          17, 0.00000000e+00, 0.00000000e+00, 0.00000000e+00, 0.00000000e+00, 0.00000000e+00, 0.00000000e+00, 0.00000000e+00, 0.00000000e+00, 0.00000000e+00, 0.00000000e+00, 0.00000000e+00, 0.00000000e+00, 0.00000000e+00, 0.00000000e+00, 0.00000000e+00, -3.49563490e+00, -8.96771045e-01, -1.60764341e+00, -1.42855571e+00, 1.96391895e+00, -7.6151957108, 0.0000000000, 0.8000000000, 0.2473867167
          18, 0.00000000e+00, 0.00000000e+00, 0.00000000e+00, 0.00000000e+00, 0.00000000e+00, 0.00000000e+00, 0.00000000e+00, 0.00000000e+00, 0.00000000e+00, 0.00000000e+00, 0.00000000e+00, 0.00000000e+00, 0.00000000e+00, 0.00000000e+00, 0.00000000e+00, -3.49758493e+00, -8.97910027e-01, -1.60773295e+00, -1.42331358e+00, 1.96210251e+00, -7.6119227532, 0.0000000000, 0.8000000000, 0.2665922000
          19, 0.00000000e+00, 0.00000000e+00, 0.00000000e+00, 0.00000000e+00, 0.00000000e+00, 0.00000000e+00, 0.00000000e+00, 0.00000000e+00, 0.00000000e+00, 0.00000000e+00, 0.00000000e+00, 0.00000000e+00, 0.00000000e+00, 0.00000000e+00, 0.00000000e+00, -3.49943757e+00, -8.99119541e-01, -1.60877059e+00, -1.41887446e+00, 1.96042705e+00, -7.6095870554, 0.0000000000, 0.8000000000, 0.2813952833
          20, 0.00000000e+00, 0.00000000e+00, 0.00000000e+00, 0.00000000e+00, 0.00000000e+00, 0.00000000e+00, 0.00000000e+00, 0.00000000e+00, 0.00000000e+00, 0.00000000e+00, 0.00000000e+00, 0.00000000e+00, 0.00000000e+00, 0.00000000e+00, 0.00000000e+00, -3.50119354e+00, -9.00389104e-01, -1.61077651e+00, -1.41500461e+00, 1.95888713e+00, -7.6102050650, 0.0000000000, 0.8000000000, 0.2953488833
          21, 0.00000000e+00, 0.00000000e+00, 0.00000000e+00, 0.00000000e+00, 0.00000000e+00, 0.00000000e+00, 0.00000000e+00, 0.00000000e+00, 0.00000000e+00, 0.00000000e+00, 0.00000000e+00, 0.00000000e+00, 0.00000000e+00, 0.00000000e+00, 0.00000000e+00, -3.50287688e+00, -9.01721193e-01, -1.61361698e+00, -1.41146302e+00, 1.95744812e+00, -7.6074783842, 0.0000000000, 0.8000000000, 0.3208904000
          22, 0.00000000e+00, 0.00000000e+00, 0.00000000e+00, 0.00000000e+00, 0.00000000e+00, 0.00000000e+00, 0.00000000e+00, 0.00000000e+00, 0.00000000e+00, 0.00000000e+00, 0.00000000e+00, 0.00000000e+00, 0.00000000e+00, 0.00000000e+00, 0.00000000e+00, -3.50453813e+00, -9.03126717e-01, -1.61706720e+00, -1.40799445e+00, 1.95604347e+00, -7.6064105800, 0.0000000000, 0.8000000000, 0.3330094833
          23, 0.00000000e+00, 0.00000000e+00, 0.00000000e+00, 0.00000000e+00, 0.00000000e+00, 0.00000000e+00, 0.00000000e+00, 0.00000000e+00, 0.00000000e+00, 0.00000000e+00, 0.00000000e+00, 0.00000000e+00, 0.00000000e+00, 0.00000000e+00, 0.00000000e+00, -3.50625422e+00, -9.04628645e-01, -1.62085564e+00, -1.40433098e+00, 1.95457609e+00, -7.6035484613, 0.0000000000, 0.8000000000, 0.3445307167
          24, 0.00000000e+00, 0.00000000e+00, 0.00000000e+00, 0.00000000e+00, 0.00000000e+00, 0.00000000e+00, 0.00000000e+00, 0.00000000e+00, 0.00000000e+00, 0.00000000e+00, 0.00000000e+00, 0.00000000e+00, 0.00000000e+00, 0.00000000e+00, 0.00000000e+00, -3.50810240e+00, -9.06249177e-01, -1.62470964e+00, -1.40024522e+00, 1.95294907e+00, -7.5995501117, 0.0000000000, 0.8000000000, 0.3574901500
          25, 0.00000000e+00, 0.00000000e+00, 0.00000000e+00, 0.00000000e+00, 0.00000000e+00, 0.00000000e+00, 0.00000000e+00, 0.00000000e+00, 0.00000000e+00, 0.00000000e+00, 0.00000000e+00, 0.00000000e+00, 0.00000000e+00, 0.00000000e+00, 0.00000000e+00, -3.51011807e+00, -9.08002654e-01, -1.62842441e+00, -1.39570239e+00, 1.95111649e+00, -7.6026909516, 0.0000000000, 0.8000000000, 0.3704366667
          26, 0.00000000e+00, 0.00000000e+00, 0.00000000e+00, 0.00000000e+00, 0.00000000e+00, 0.00000000e+00, 0.00000000e+00, 0.00000000e+00, 0.00000000e+00, 0.00000000e+00, 0.00000000e+00, 0.00000000e+00, 0.00000000e+00, 0.00000000e+00, 0.00000000e+00, -3.51226756e+00, -9.09889799e-01, -1.63188619e+00, -1.39100794e+00, 1.94911625e+00, -7.6006053675, 0.0000000000, 0.8000000000, 0.3836421000
          27, 0.00000000e+00, 0.00000000e+00, 0.00000000e+00, 0.00000000e+00, 0.00000000e+00, 0.00000000e+00, 0.00000000e+00, 0.00000000e+00, 0.00000000e+00, 0.00000000e+00, 0.00000000e+00, 0.00000000e+00, 0.00000000e+00, 0.00000000e+00, 0.00000000e+00, -3.51445512e+00, -9.11898962e-01, -1.63505817e+00, -1.38672305e+00, 1.94706233e+00, -7.5993714568, 0.0000000000, 0.8000000000, 0.3972668167
          28, 0.00000000e+00, 0.00000000e+00, 0.00000000e+00, 0.00000000e+00, 0.00000000e+00, 0.00000000e+00, 0.00000000e+00, 0.00000000e+00, 0.00000000e+00, 0.00000000e+00, 0.00000000e+00, 0.00000000e+00, 0.00000000e+00, 0.00000000e+00, 0.00000000e+00, -3.51657630e+00, -9.14010915e-01, -1.63795939e+00, -1.38335074e+00, 1.94508256e+00, -7.5813100433, 0.0000000000, 0.8000000000, 0.4112121333
          29, 0.00000000e+00, 0.00000000e+00, 0.00000000e+00, 0.00000000e+00, 0.00000000e+00, 0.00000000e+00, 0.00000000e+00, 0.00000000e+00, 0.00000000e+00, 0.00000000e+00, 0.00000000e+00, 0.00000000e+00, 0.00000000e+00, 0.00000000e+00, 0.00000000e+00, -3.51858528e+00, -9.16214193e-01, -1.64064927e+00, -1.38104373e+00, 1.94323894e+00, -7.5914714985, 0.0000000000, 0.8000000000, 0.4269479500
          30, 0.00000000e+00, 0.00000000e+00, 0.00000000e+00, 0.00000000e+00, 0.00000000e+00, 0.00000000e+00, 0.00000000e+00, 0.00000000e+00, 0.00000000e+00, 0.00000000e+00, 0.00000000e+00, 0.00000000e+00, 0.00000000e+00, 0.00000000e+00, 0.00000000e+00, -3.52052243e+00, -9.18516579e-01, -1.64323637e+00, -1.37954808e+00, 1.94149266e+00, -7.5885096700, 0.0000000000, 0.8000000000, 0.4516645500
          31, 0.00000000e+00, 0.00000000e+00, 0.00000000e+00, 0.00000000e+00, 0.00000000e+00, 0.00000000e+00, 0.00000000e+00, 0.00000000e+00, 0.00000000e+00, 0.00000000e+00, 0.00000000e+00, 0.00000000e+00, 0.00000000e+00, 0.00000000e+00, 0.00000000e+00, -3.52247440e+00, -9.20927738e-01, -1.64582381e+00, -1.37839475e+00, 1.93974741e+00, -7.5840027939, 0.0000000000, 0.8000000000, 0.4678566500
          32, 0.00000000e+00, 0.00000000e+00, 0.00000000e+00, 0.00000000e+00, 0.00000000e+00, 0.00000000e+00, 0.00000000e+00, 0.00000000e+00, 0.00000000e+00, 0.00000000e+00, 0.00000000e+00, 0.00000000e+00, 0.00000000e+00, 0.00000000e+00, 0.00000000e+00, -3.52448982e+00, -9.23419346e-01, -1.64849227e+00, -1.37720151e+00, 1.93794747e+00, -7.5807782980, 0.0000000000, 0.8000000000, 0.4830662333
          33, 0.00000000e+00, 0.00000000e+00, 0.00000000e+00, 0.00000000e+00, 0.00000000e+00, 0.00000000e+00, 0.00000000e+00, 0.00000000e+00, 0.00000000e+00, 0.00000000e+00, 0.00000000e+00, 0.00000000e+00, 0.00000000e+00, 0.00000000e+00, 0.00000000e+00, -3.52651719e+00, -9.25907795e-01, -1.65132579e+00, -1.37595161e+00, 1.93615410e+00, -7.5794026239, 0.0000000000, 0.8000000000, 0.4964714000
          34, 0.00000000e+00, 0.00000000e+00, 0.00000000e+00, 0.00000000e+00, 0.00000000e+00, 0.00000000e+00, 0.00000000e+00, 0.00000000e+00, 0.00000000e+00, 0.00000000e+00, 0.00000000e+00, 0.00000000e+00, 0.00000000e+00, 0.00000000e+00, 0.00000000e+00, -3.52841242e+00, -9.28289099e-01, -1.65432065e+00, -1.37505959e+00, 1.93454089e+00, -7.5775550166, 0.0000000000, 0.8000000000, 0.5099766667
          35, 0.00000000e+00, 0.00000000e+00, 0.00000000e+00, 0.00000000e+00, 0.00000000e+00, 0.00000000e+00, 0.00000000e+00, 0.00000000e+00, 0.00000000e+00, 0.00000000e+00, 0.00000000e+00, 0.00000000e+00, 0.00000000e+00, 0.00000000e+00, 0.00000000e+00, -3.53000537e+00, -9.30482863e-01, -1.65737751e+00, -1.37515791e+00, 1.93331425e+00, -7.5760468357, 0.0000000000, 0.8000000000, 0.5249166000
          36, 0.00000000e+00, 0.00000000e+00, 0.00000000e+00, 0.00000000e+00, 0.00000000e+00, 0.00000000e+00, 0.00000000e+00, 0.00000000e+00, 0.00000000e+00, 0.00000000e+00, 0.00000000e+00, 0.00000000e+00, 0.00000000e+00, 0.00000000e+00, 0.00000000e+00, -3.53119279e+00, -9.32460746e-01, -1.66029920e+00, -1.37672587e+00, 1.93259665e+00, -7.5737510704, 0.0000000000, 0.8000000000, 0.5384616167
          37, 0.00000000e+00, 0.00000000e+00, 0.00000000e+00, 0.00000000e+00, 0.00000000e+00, 0.00000000e+00, 0.00000000e+00, 0.00000000e+00, 0.00000000e+00, 0.00000000e+00, 0.00000000e+00, 0.00000000e+00, 0.00000000e+00, 0.00000000e+00, 0.00000000e+00, -3.53201417e+00, -9.34268544e-01, -1.66282168e+00, -1.37972049e+00, 1.93232960e+00, -7.5713831786, 0.0000000000, 0.8000000000, 0.5518176500
          38, 0.00000000e+00, 0.00000000e+00, 0.00000000e+00, 0.00000000e+00, 0.00000000e+00, 0.00000000e+00, 0.00000000e+00, 0.00000000e+00, 0.00000000e+00, 0.00000000e+00, 0.00000000e+00, 0.00000000e+00, 0.00000000e+00, 0.00000000e+00, 0.00000000e+00, -3.53265463e+00, -9.36023770e-01, -1.66466307e+00, -1.38333765e+00, 1.93226307e+00, -7.5611861739, 0.0000000000, 0.8000000000, 0.5642142167
          39, 0.00000000e+00, 0.00000000e+00, 0.00000000e+00, 0.00000000e+00, 0.00000000e+00, 0.00000000e+00, 0.00000000e+00, 0.00000000e+00, 0.00000000e+00, 0.00000000e+00, 0.00000000e+00, 0.00000000e+00, 0.00000000e+00, 0.00000000e+00, 0.00000000e+00, -3.53340397e+00, -9.37887196e-01, -1.66558834e+00, -1.38604970e+00, 1.93201780e+00, -7.5610357547, 0.0000000000, 0.8000000000, 0.5767544333
          40, 0.00000000e+00, 0.00000000e+00, 0.00000000e+00, 0.00000000e+00, 0.00000000e+00, 0.00000000e+00, 0.00000000e+00, 0.00000000e+00, 0.00000000e+00, 0.00000000e+00, 0.00000000e+00, 0.00000000e+00, 0.00000000e+00, 0.00000000e+00, 0.00000000e+00, -3.53455815e+00, -9.40026375e-01, -1.66548980e+00, -1.38604271e+00, 1.93121310e+00, -7.5630438529, 0.0000000000, 0.8000000000, 0.5882302667
          41, 0.00000000e+00, 0.00000000e+00, 0.00000000e+00, 0.00000000e+00, 0.00000000e+00, 0.00000000e+00, 0.00000000e+00, 0.00000000e+00, 0.00000000e+00, 0.00000000e+00, 0.00000000e+00, 0.00000000e+00, 0.00000000e+00, 0.00000000e+00, 0.00000000e+00, -3.53629932e+00, -9.42540234e-01, -1.66441046e+00, -1.38196131e+00, 1.92960950e+00, -7.5622852360, 0.0000000000, 0.8000000000, 0.5999623000
          42, 0.00000000e+00, 0.00000000e+00, 0.00000000e+00, 0.00000000e+00, 0.00000000e+00, 0.00000000e+00, 0.00000000e+00, 0.00000000e+00, 0.00000000e+00, 0.00000000e+00, 0.00000000e+00, 0.00000000e+00, 0.00000000e+00, 0.00000000e+00, 0.00000000e+00, -3.53864774e+00, -9.45455000e-01, -1.66254281e+00, -1.37361343e+00, 1.92718548e+00, -7.5607202918, 0.0000000000, 0.8000000000, 0.6126427167
          43, 0.00000000e+00, 0.00000000e+00, 0.00000000e+00, 0.00000000e+00, 0.00000000e+00, 0.00000000e+00, 0.00000000e+00, 0.00000000e+00, 0.00000000e+00, 0.00000000e+00, 0.00000000e+00, 0.00000000e+00, 0.00000000e+00, 0.00000000e+00, 0.00000000e+00, -3.54145359e+00, -9.48713517e-01, -1.66015950e+00, -1.36208786e+00, 1.92414919e+00, -7.5593895351, 0.0000000000, 0.8000000000, 0.6249447833
          44, 0.00000000e+00, 0.00000000e+00, 0.00000000e+00, 0.00000000e+00, 0.00000000e+00, 0.00000000e+00, 0.00000000e+00, 0.00000000e+00, 0.00000000e+00, 0.00000000e+00, 0.00000000e+00, 0.00000000e+00, 0.00000000e+00, 0.00000000e+00, 0.00000000e+00, -3.54446685e+00, -9.52182340e-01, -1.65755272e+00, -1.34921200e+00, 1.92085874e+00, -7.5595466286, 0.0000000000, 0.8000000000, 0.6372262000
          45, 0.00000000e+00, 0.00000000e+00, 0.00000000e+00, 0.00000000e+00, 0.00000000e+00, 0.00000000e+00, 0.00000000e+00, 0.00000000e+00, 0.00000000e+00, 0.00000000e+00, 0.00000000e+00, 0.00000000e+00, 0.00000000e+00, 0.00000000e+00, 0.00000000e+00, -3.54739105e+00, -9.55699255e-01, -1.65496501e+00, -1.33678012e+00, 1.91772541e+00, -7.5554018787, 0.0000000000, 0.8000000000, 0.6493820167
          46, 0.00000000e+00, 0.00000000e+00, 0.00000000e+00, 0.00000000e+00, 0.00000000e+00, 0.00000000e+00, 0.00000000e+00, 0.00000000e+00, 0.00000000e+00, 0.00000000e+00, 0.00000000e+00, 0.00000000e+00, 0.00000000e+00, 0.00000000e+00, 0.00000000e+00, -3.54998766e+00, -9.59109112e-01, -1.65253956e+00, -1.32602829e+00, 1.91508308e+00, -7.5539492599, 0.0000000000, 0.8000000000, 0.6616485667
          47, 0.00000000e+00, 0.00000000e+00, 0.00000000e+00, 0.00000000e+00, 0.00000000e+00, 0.00000000e+00, 0.00000000e+00, 0.00000000e+00, 0.00000000e+00, 0.00000000e+00, 0.00000000e+00, 0.00000000e+00, 0.00000000e+00, 0.00000000e+00, 0.00000000e+00, -3.55211156e+00, -9.62296422e-01, -1.65031194e+00, -1.31749140e+00, 1.91311925e+00, -7.5499826852, 0.0000000000, 0.8000000000, 0.6739230333
          48, 0.00000000e+00, 0.00000000e+00, 0.00000000e+00, 0.00000000e+00, 0.00000000e+00, 0.00000000e+00, 0.00000000e+00, 0.00000000e+00, 0.00000000e+00, 0.00000000e+00, 0.00000000e+00, 0.00000000e+00, 0.00000000e+00, 0.00000000e+00, 0.00000000e+00, -3.55371358e+00, -9.65182863e-01, -1.64822561e+00, -1.31110919e+00, 1.91186374e+00, -7.5468166417, 0.0000000000, 0.8000000000, 0.6864056333
          49, 0.00000000e+00, 0.00000000e+00, 0.00000000e+00, 0.00000000e+00, 0.00000000e+00, 0.00000000e+00, 0.00000000e+00, 0.00000000e+00, 0.00000000e+00, 0.00000000e+00, 0.00000000e+00, 0.00000000e+00, 0.00000000e+00, 0.00000000e+00, 0.00000000e+00, -3.55484890e+00, -9.67728473e-01, -1.64616683e+00, -1.30643380e+00, 1.91120718e+00, -7.5431494267, 0.0000000000, 0.8000000000, 0.6985074333
          50, 0.00000000e+00, 0.00000000e+00, 0.00000000e+00, 0.00000000e+00, 0.00000000e+00, 0.00000000e+00, 0.00000000e+00, 0.00000000e+00, 0.00000000e+00, 0.00000000e+00, 0.00000000e+00, 0.00000000e+00, 0.00000000e+00, 0.00000000e+00, 0.00000000e+00, -3.55560511e+00, -9.69923355e-01, -1.64404566e+00, -1.30283888e+00, 1.91098103e+00, -7.5381715834, 0.0000000000, 0.8000000000, 0.7107928000
          51, 0.00000000e+00, 0.00000000e+00, 0.00000000e+00, 0.00000000e+00, 0.00000000e+00, 0.00000000e+00, 0.00000000e+00, 0.00000000e+00, 0.00000000e+00, 0.00000000e+00, 0.00000000e+00, 0.00000000e+00, 0.00000000e+00, 0.00000000e+00, 0.00000000e+00, -3.55608208e+00, -9.71761432e-01, -1.64178552e+00, -1.29964003e+00, 1.91100807e+00, -7.5354236573, 0.0000000000, 0.8000000000, 0.7229889667
          52, 0.00000000e+00, 0.00000000e+00, 0.00000000e+00, 0.00000000e+00, 0.00000000e+00, 0.00000000e+00, 0.00000000e+00, 0.00000000e+00, 0.00000000e+00, 0.00000000e+00, 0.00000000e+00, 0.00000000e+00, 0.00000000e+00, 0.00000000e+00, 0.00000000e+00, -3.55636389e+00, -9.73242619e-01, -1.63935461e+00, -1.29622578e+00, 1.91113753e+00, -7.5313572979, 0.0000000000, 0.8000000000, 0.7374982667
          53, 0.00000000e+00, 0.00000000e+00, 0.00000000e+00, 0.00000000e+00, 0.00000000e+00, 0.00000000e+00, 0.00000000e+00, 0.00000000e+00, 0.00000000e+00, 0.00000000e+00, 0.00000000e+00, 0.00000000e+00, 0.00000000e+00, 0.00000000e+00, 0.00000000e+00, -3.55653589e+00, -9.74381659e-01, -1.63684872e+00, -1.29218175e+00, 1.91123700e+00, -7.5291336162, 0.0000000000, 0.8000000000, 0.7536260000
          54, 0.00000000e+00, 0.00000000e+00, 0.00000000e+00, 0.00000000e+00, 0.00000000e+00, 0.00000000e+00, 0.00000000e+00, 0.00000000e+00, 0.00000000e+00, 0.00000000e+00, 0.00000000e+00, 0.00000000e+00, 0.00000000e+00, 0.00000000e+00, 0.00000000e+00, -3.55665985e+00, -9.75199200e-01, -1.63436026e+00, -1.28728871e+00, 1.91121733e+00, -7.5266681592, 0.0000000000, 0.8000000000, 0.7692204167
          55, 0.00000000e+00, 0.00000000e+00, 0.00000000e+00, 0.00000000e+00, 0.00000000e+00, 0.00000000e+00, 0.00000000e+00, 0.00000000e+00, 0.00000000e+00, 0.00000000e+00, 0.00000000e+00, 0.00000000e+00, 0.00000000e+00, 0.00000000e+00, 0.00000000e+00, -3.55678529e+00, -9.75735648e-01, -1.63202498e+00, -1.28150792e+00, 1.91103620e+00, -7.5231867737, 0.0000000000, 0.8000000000, 0.7851177167
          56, 0.00000000e+00, 0.00000000e+00, 0.00000000e+00, 0.00000000e+00, 0.00000000e+00, 0.00000000e+00, 0.00000000e+00, 0.00000000e+00, 0.00000000e+00, 0.00000000e+00, 0.00000000e+00, 0.00000000e+00, 0.00000000e+00, 0.00000000e+00, 0.00000000e+00, -3.55695508e+00, -9.76063998e-01, -1.63004931e+00, -1.27495127e+00, 1.91069043e+00, -7.5235223778, 0.0000000000, 0.8000000000, 0.7998261500
          57, 0.00000000e+00, 0.00000000e+00, 0.00000000e+00, 0.00000000e+00, 0.00000000e+00, 0.00000000e+00, 0.00000000e+00, 0.00000000e+00, 0.00000000e+00, 0.00000000e+00, 0.00000000e+00, 0.00000000e+00, 0.00000000e+00, 0.00000000e+00, 0.00000000e+00, -3.55719588e+00, -9.76246744e-01, -1.62857697e+00, -1.26785102e+00, 1.91020718e+00, -7.5152660406, 0.0000000000, 0.8000000000, 0.8148694000
          58, 0.00000000e+00, 0.00000000e+00, 0.00000000e+00, 0.00000000e+00, 0.00000000e+00, 0.00000000e+00, 0.00000000e+00, 0.00000000e+00, 0.00000000e+00, 0.00000000e+00, 0.00000000e+00, 0.00000000e+00, 0.00000000e+00, 0.00000000e+00, 0.00000000e+00, -3.55750385e+00, -9.76345775e-01, -1.62773658e+00, -1.26054009e+00, 1.90965919e+00, -7.5202526697, 0.0000000000, 0.8000000000, 0.8284536000
          59, 0.00000000e+00, 0.00000000e+00, 0.00000000e+00, 0.00000000e+00, 0.00000000e+00, 0.00000000e+00, 0.00000000e+00, 0.00000000e+00, 0.00000000e+00, 0.00000000e+00, 0.00000000e+00, 0.00000000e+00, 0.00000000e+00, 0.00000000e+00, 0.00000000e+00, -3.55781501e+00, -9.76377810e-01, -1.62755710e+00, -1.25344459e+00, 1.90918892e+00, -7.5194946761, 0.0000000000, 0.8000000000, 0.8418241833
          60, 0.00000000e+00, 0.00000000e+00, 0.00000000e+00, 0.00000000e+00, 0.00000000e+00, 0.00000000e+00, 0.00000000e+00, 0.00000000e+00, 0.00000000e+00, 0.00000000e+00, 0.00000000e+00, 0.00000000e+00, 0.00000000e+00, 0.00000000e+00, 0.00000000e+00, -3.55801325e+00, -9.76288230e-01, -1.62795833e+00, -1.24709629e+00, 1.90897975e+00, -7.5186453786, 0.0000000000, 0.8000000000, 0.8570870667
          61, 0.00000000e+00, 0.00000000e+00, 0.00000000e+00, 0.00000000e+00, 0.00000000e+00, 0.00000000e+00, 0.00000000e+00, 0.00000000e+00, 0.00000000e+00, 0.00000000e+00, 0.00000000e+00, 0.00000000e+00, 0.00000000e+00, 0.00000000e+00, 0.00000000e+00, -3.55790686e+00, -9.75930865e-01, -1.62877740e+00, -1.24203139e+00, 1.90926631e+00, -7.5180968822, 0.0000000000, 0.8000000000, 0.8707431333
          62, 0.00000000e+00, 0.00000000e+00, 0.00000000e+00, 0.00000000e+00, 0.00000000e+00, 0.00000000e+00, 0.00000000e+00, 0.00000000e+00, 0.00000000e+00, 0.00000000e+00, 0.00000000e+00, 0.00000000e+00, 0.00000000e+00, 0.00000000e+00, 0.00000000e+00, -3.55723288e+00, -9.75089633e-01, -1.62971348e+00, -1.23866124e+00, 1.91033799e+00, -7.5153067215, 0.0000000000, 0.8000000000, 0.8836781167
          63, 0.00000000e+00, 0.00000000e+00, 0.00000000e+00, 0.00000000e+00, 0.00000000e+00, 0.00000000e+00, 0.00000000e+00, 0.00000000e+00, 0.00000000e+00, 0.00000000e+00, 0.00000000e+00, 0.00000000e+00, 0.00000000e+00, 0.00000000e+00, 0.00000000e+00, -3.55574267e+00, -9.73548545e-01, -1.63038677e+00, -1.23715702e+00, 1.91242415e+00, -7.5150870819, 0.0000000000, 0.8000000000, 0.8962347167
          64, 0.00000000e+00, 0.00000000e+00, 0.00000000e+00, 0.00000000e+00, 0.00000000e+00, 0.00000000e+00, 0.00000000e+00, 0.00000000e+00, 0.00000000e+00, 0.00000000e+00, 0.00000000e+00, 0.00000000e+00, 0.00000000e+00, 0.00000000e+00, 0.00000000e+00, -3.55330335e+00, -9.71165601e-01, -1.63044066e+00, -1.23727894e+00, 1.91557177e+00, -7.5130083532, 0.0000000000, 0.8000000000, 0.9085056667
          65, 0.00000000e+00, 0.00000000e+00, 0.00000000e+00, 0.00000000e+00, 0.00000000e+00, 0.00000000e+00, 0.00000000e+00, 0.00000000e+00, 0.00000000e+00, 0.00000000e+00, 0.00000000e+00, 0.00000000e+00, 0.00000000e+00, 0.00000000e+00, 0.00000000e+00, -3.54998581e+00, -9.67995779e-01, -1.62959582e+00, -1.23814464e+00, 1.91960823e+00, -7.5097928182, 0.0000000000, 0.8000000000, 0.9241741167
          66, 0.00000000e+00, 0.00000000e+00, 0.00000000e+00, 0.00000000e+00, 0.00000000e+00, 0.00000000e+00, 0.00000000e+00, 0.00000000e+00, 0.00000000e+00, 0.00000000e+00, 0.00000000e+00, 0.00000000e+00, 0.00000000e+00, 0.00000000e+00, 0.00000000e+00, -3.54619539e+00, -9.64445146e-01, -1.62773367e+00, -1.23827456e+00, 1.92403813e+00, -7.5041784880, 0.0000000000, 0.8000000000, 0.9371600167
          67, 0.00000000e+00, 0.00000000e+00, 0.00000000e+00, 0.00000000e+00, 0.00000000e+00, 0.00000000e+00, 0.00000000e+00, 0.00000000e+00, 0.00000000e+00, 0.00000000e+00, 0.00000000e+00, 0.00000000e+00, 0.00000000e+00, 0.00000000e+00, 0.00000000e+00, -3.54272424e+00, -9.61295337e-01, -1.62486983e+00, -1.23593655e+00, 1.92797226e+00, -7.5014452558, 0.0000000000, 0.8000000000, 0.9505528833
          68, 0.00000000e+00, 0.00000000e+00, 0.00000000e+00, 0.00000000e+00, 0.00000000e+00, 0.00000000e+00, 0.00000000e+00, 0.00000000e+00, 0.00000000e+00, 0.00000000e+00, 0.00000000e+00, 0.00000000e+00, 0.00000000e+00, 0.00000000e+00, 0.00000000e+00, -3.54057854e+00, -9.59510682e-01, -1.62114343e+00, -1.22961049e+00, 1.93035516e+00, -7.5000156970, 0.0000000000, 0.8000000000, 0.9662295500
          69, 0.00000000e+00, 0.00000000e+00, 0.00000000e+00, 0.00000000e+00, 0.00000000e+00, 0.00000000e+00, 0.00000000e+00, 0.00000000e+00, 0.00000000e+00, 0.00000000e+00, 0.00000000e+00, 0.00000000e+00, 0.00000000e+00, 0.00000000e+00, 0.00000000e+00, -3.54074244e+00, -9.60035246e-01, -1.61675068e+00, -1.21875864e+00, 1.93024731e+00, -7.4967257239, 0.0000000000, 0.8000000000, 0.9814240167
          70, 0.00000000e+00, 0.00000000e+00, 0.00000000e+00, 0.00000000e+00, 0.00000000e+00, 0.00000000e+00, 0.00000000e+00, 0.00000000e+00, 0.00000000e+00, 0.00000000e+00, 0.00000000e+00, 0.00000000e+00, 0.00000000e+00, 0.00000000e+00, 0.00000000e+00, -3.54397068e+00, -9.63599786e-01, -1.61189379e+00, -1.20454192e+00, 1.92690159e+00, -7.4875155900, 0.0000000000, 0.8000000000, 0.9965655000
          71, 0.00000000e+00, 0.00000000e+00, 0.00000000e+00, 0.00000000e+00, 0.00000000e+00, 0.00000000e+00, 0.00000000e+00, 0.00000000e+00, 0.00000000e+00, 0.00000000e+00, 0.00000000e+00, 0.00000000e+00, 0.00000000e+00, 0.00000000e+00, 0.00000000e+00, -3.55028177e+00, -9.70163532e-01, -1.60670674e+00, -1.18938668e+00, 1.92015529e+00, -7.4912703232, 0.0000000000, 0.8000000000, 1.0097158667
          72, 0.00000000e+00, 0.00000000e+00, 0.00000000e+00, 0.00000000e+00, 0.00000000e+00, 0.00000000e+00, 0.00000000e+00, 0.00000000e+00, 0.00000000e+00, 0.00000000e+00, 0.00000000e+00, 0.00000000e+00, 0.00000000e+00, 0.00000000e+00, 0.00000000e+00, -3.55815301e+00, -9.78049022e-01, -1.60122729e+00, -1.17559834e+00, 1.91145882e+00, -7.4878687467, 0.0000000000, 0.8000000000, 1.0252470167
          73, 0.00000000e+00, 0.00000000e+00, 0.00000000e+00, 0.00000000e+00, 0.00000000e+00, 0.00000000e+00, 0.00000000e+00, 0.00000000e+00, 0.00000000e+00, 0.00000000e+00, 0.00000000e+00, 0.00000000e+00, 0.00000000e+00, 0.00000000e+00, 0.00000000e+00, -3.56435587e+00, -9.83786814e-01, -1.59546729e+00, -1.16467342e+00, 1.90443058e+00, -7.4835366448, 0.0000000000, 0.8000000000, 1.0400911167
          74, 0.00000000e+00, 0.00000000e+00, 0.00000000e+00, 0.00000000e+00, 0.00000000e+00, 0.00000000e+00, 0.00000000e+00, 0.00000000e+00, 0.00000000e+00, 0.00000000e+00, 0.00000000e+00, 0.00000000e+00, 0.00000000e+00, 0.00000000e+00, 0.00000000e+00, -3.56549398e+00, -9.83893002e-01, -1.58951059e+00, -1.15786937e+00, 1.90323634e+00, -7.4820566124, 0.0000000000, 0.8000000000, 1.0532796000
          75, 0.00000000e+00, 0.00000000e+00, 0.00000000e+00, 0.00000000e+00, 0.00000000e+00, 0.00000000e+00, 0.00000000e+00, 0.00000000e+00, 0.00000000e+00, 0.00000000e+00, 0.00000000e+00, 0.00000000e+00, 0.00000000e+00, 0.00000000e+00, 0.00000000e+00, -3.56046701e+00, -9.77549943e-01, -1.58355090e+00, -1.15688925e+00, 1.90934618e+00, -7.4810921806, 0.0000000000, 0.8000000000, 1.0665406833
          76, 0.00000000e+00, 0.00000000e+00, 0.00000000e+00, 0.00000000e+00, 0.00000000e+00, 0.00000000e+00, 0.00000000e+00, 0.00000000e+00, 0.00000000e+00, 0.00000000e+00, 0.00000000e+00, 0.00000000e+00, 0.00000000e+00, 0.00000000e+00, 0.00000000e+00, -3.55119692e+00, -9.67180866e-01, -1.57790661e+00, -1.16346718e+00, 1.92037136e+00, -7.4808414274, 0.0000000000, 0.8000000000, 1.0793523333
          77, 0.00000000e+00, 0.00000000e+00, 0.00000000e+00, 0.00000000e+00, 0.00000000e+00, 0.00000000e+00, 0.00000000e+00, 0.00000000e+00, 0.00000000e+00, 0.00000000e+00, 0.00000000e+00, 0.00000000e+00, 0.00000000e+00, 0.00000000e+00, 0.00000000e+00, -3.54082400e+00, -9.56275629e-01, -1.57297302e+00, -1.17794986e+00, 1.93247002e+00, -7.4807598107, 0.0000000000, 0.8000000000, 1.0923986000
          78, 0.00000000e+00, 0.00000000e+00, 0.00000000e+00, 0.00000000e+00, 0.00000000e+00, 0.00000000e+00, 0.00000000e+00, 0.00000000e+00, 0.00000000e+00, 0.00000000e+00, 0.00000000e+00, 0.00000000e+00, 0.00000000e+00, 0.00000000e+00, 0.00000000e+00, -3.53175677e+00, -9.47274178e-01, -1.56915718e+00, -1.19795601e+00, 1.94293671e+00, -7.4802409918, 0.0000000000, 0.8000000000, 1.1051082167
          79, 0.00000000e+00, 0.00000000e+00, 0.00000000e+00, 0.00000000e+00, 0.00000000e+00, 0.00000000e+00, 0.00000000e+00, 0.00000000e+00, 0.00000000e+00, 0.00000000e+00, 0.00000000e+00, 0.00000000e+00, 0.00000000e+00, 0.00000000e+00, 0.00000000e+00, -3.52529043e+00, -9.41310329e-01, -1.56680240e+00, -1.21832100e+00, 1.95050637e+00, -7.4788340086, 0.0000000000, 0.8000000000, 1.1176229333
          80, 0.00000000e+00, 0.00000000e+00, 0.00000000e+00, 0.00000000e+00, 0.00000000e+00, 0.00000000e+00, 0.00000000e+00, 0.00000000e+00, 0.00000000e+00, 0.00000000e+00, 0.00000000e+00, 0.00000000e+00, 0.00000000e+00, 0.00000000e+00, 0.00000000e+00, -3.52208778e+00, -9.38819861e-01, -1.56610945e+00, -1.23302770e+00, 1.95448243e+00, -7.4771623964, 0.0000000000, 0.8000000000, 1.1300046333
          81, 0.00000000e+00, 0.00000000e+00, 0.00000000e+00, 0.00000000e+00, 0.00000000e+00, 0.00000000e+00, 0.00000000e+00, 0.00000000e+00, 0.00000000e+00, 0.00000000e+00, 0.00000000e+00, 0.00000000e+00, 0.00000000e+00, 0.00000000e+00, 0.00000000e+00, -3.52236527e+00, -9.39792197e-01, -1.56700277e+00, -1.23839019e+00, 1.95445293e+00, -7.4751578299, 0.0000000000, 0.8000000000, 1.1423376833
          82, 0.00000000e+00, 0.00000000e+00, 0.00000000e+00, 0.00000000e+00, 0.00000000e+00, 0.00000000e+00, 0.00000000e+00, 0.00000000e+00, 0.00000000e+00, 0.00000000e+00, 0.00000000e+00, 0.00000000e+00, 0.00000000e+00, 0.00000000e+00, 0.00000000e+00, -3.52562733e+00, -9.43530186e-01, -1.56905612e+00, -1.23511370e+00, 1.95078803e+00, -7.4731915791, 0.0000000000, 0.8000000000, 1.1550013167
          83, 0.00000000e+00, 0.00000000e+00, 0.00000000e+00, 0.00000000e+00, 0.00000000e+00, 0.00000000e+00, 0.00000000e+00, 0.00000000e+00, 0.00000000e+00, 0.00000000e+00, 0.00000000e+00, 0.00000000e+00, 0.00000000e+00, 0.00000000e+00, 0.00000000e+00, -3.53054249e+00, -9.48535843e-01, -1.57143631e+00, -1.22743666e+00, 1.94497659e+00, -7.4708046451, 0.0000000000, 0.8000000000, 1.1700345500
          84, 0.00000000e+00, 0.00000000e+00, 0.00000000e+00, 0.00000000e+00, 0.00000000e+00, 0.00000000e+00, 0.00000000e+00, 0.00000000e+00, 0.00000000e+00, 0.00000000e+00, 0.00000000e+00, 0.00000000e+00, 0.00000000e+00, 0.00000000e+00, 0.00000000e+00, -3.53538511e+00, -9.52988110e-01, -1.57301258e+00, -1.22053627e+00, 1.93914509e+00, -7.4686488659, 0.0000000000, 0.8000000000, 1.1844526667
          85, 0.00000000e+00, 0.00000000e+00, 0.00000000e+00, 0.00000000e+00, 0.00000000e+00, 0.00000000e+00, 0.00000000e+00, 0.00000000e+00, 0.00000000e+00, 0.00000000e+00, 0.00000000e+00, 0.00000000e+00, 0.00000000e+00, 0.00000000e+00, 0.00000000e+00, -3.53891146e+00, -9.55765600e-01, -1.57267288e+00, -1.21814877e+00, 1.93494361e+00, -7.4669877317, 0.0000000000, 0.8000000000, 1.2004718667
          86, 0.00000000e+00, 0.00000000e+00, 0.00000000e+00, 0.00000000e+00, 0.00000000e+00, 0.00000000e+00, 0.00000000e+00, 0.00000000e+00, 0.00000000e+00, 0.00000000e+00, 0.00000000e+00, 0.00000000e+00, 0.00000000e+00, 0.00000000e+00, 0.00000000e+00, -3.54084619e+00, -9.56905740e-01, -1.56977808e+00, -1.22131251e+00, 1.93283679e+00, -7.4651143666, 0.0000000000, 0.8000000000, 1.2177891167
          87, 0.00000000e+00, 0.00000000e+00, 0.00000000e+00, 0.00000000e+00, 0.00000000e+00, 0.00000000e+00, 0.00000000e+00, 0.00000000e+00, 0.00000000e+00, 0.00000000e+00, 0.00000000e+00, 0.00000000e+00, 0.00000000e+00, 0.00000000e+00, 0.00000000e+00, -3.54167264e+00, -9.57255060e-01, -1.56449611e+00, -1.22831831e+00, 1.93230846e+00, -7.4621480566, 0.0000000000, 0.8000000000, 1.2362143500
          88, 0.00000000e+00, 0.00000000e+00, 0.00000000e+00, 0.00000000e+00, 0.00000000e+00, 0.00000000e+00, 0.00000000e+00, 0.00000000e+00, 0.00000000e+00, 0.00000000e+00, 0.00000000e+00, 0.00000000e+00, 0.00000000e+00, 0.00000000e+00, 0.00000000e+00, -3.54213061e+00, -9.57852155e-01, -1.55773206e+00, -1.23589386e+00, 1.93247248e+00, -7.4583867780, 0.0000000000, 0.8000000000, 1.2507822667
          89, 0.00000000e+00, 0.00000000e+00, 0.00000000e+00, 0.00000000e+00, 0.00000000e+00, 0.00000000e+00, 0.00000000e+00, 0.00000000e+00, 0.00000000e+00, 0.00000000e+00, 0.00000000e+00, 0.00000000e+00, 0.00000000e+00, 0.00000000e+00, 0.00000000e+00, -3.54287771e+00, -9.59542287e-01, -1.55079891e+00, -1.24135145e+00, 1.93248002e+00, -7.4541675720, 0.0000000000, 0.8000000000, 1.2640176333
          90, 0.00000000e+00, 0.00000000e+00, 0.00000000e+00, 0.00000000e+00, 0.00000000e+00, 0.00000000e+00, 0.00000000e+00, 0.00000000e+00, 0.00000000e+00, 0.00000000e+00, 0.00000000e+00, 0.00000000e+00, 0.00000000e+00, 0.00000000e+00, 0.00000000e+00, -3.54428427e+00, -9.62683982e-01, -1.54498322e+00, -1.24412399e+00, 1.93177051e+00, -7.4494548542, 0.0000000000, 0.8000000000, 1.2767056333
          91, 0.00000000e+00, 0.00000000e+00, 0.00000000e+00, 0.00000000e+00, 0.00000000e+00, 0.00000000e+00, 0.00000000e+00, 0.00000000e+00, 0.00000000e+00, 0.00000000e+00, 0.00000000e+00, 0.00000000e+00, 0.00000000e+00, 0.00000000e+00, 0.00000000e+00, -3.54626381e+00, -9.66998790e-01, -1.54111145e+00, -1.24549444e+00, 1.93033365e+00, -7.4446980368, 0.0000000000, 0.8000000000, 1.2891329333
          92, 0.00000000e+00, 0.00000000e+00, 0.00000000e+00, 0.00000000e+00, 0.00000000e+00, 0.00000000e+00, 0.00000000e+00, 0.00000000e+00, 0.00000000e+00, 0.00000000e+00, 0.00000000e+00, 0.00000000e+00, 0.00000000e+00, 0.00000000e+00, 0.00000000e+00, -3.54833678e+00, -9.71626563e-01, -1.53955877e+00, -1.24703561e+00, 1.92871781e+00, -7.4395564092, 0.0000000000, 0.8000000000, 1.3014223333
          93, 0.00000000e+00, 0.00000000e+00, 0.00000000e+00, 0.00000000e+00, 0.00000000e+00, 0.00000000e+00, 0.00000000e+00, 0.00000000e+00, 0.00000000e+00, 0.00000000e+00, 0.00000000e+00, 0.00000000e+00, 0.00000000e+00, 0.00000000e+00, 0.00000000e+00, -3.54999994e+00, -9.75624180e-01, -1.54028871e+00, -1.24940697e+00, 1.92759263e+00, -7.4353372202, 0.0000000000, 0.8000000000, 1.3156252333
          94, 0.00000000e+00, 0.00000000e+00, 0.00000000e+00, 0.00000000e+00, 0.00000000e+00, 0.00000000e+00, 0.00000000e+00, 0.00000000e+00, 0.00000000e+00, 0.00000000e+00, 0.00000000e+00, 0.00000000e+00, 0.00000000e+00, 0.00000000e+00, 0.00000000e+00, -3.55115021e+00, -9.78548223e-01, -1.54294575e+00, -1.25209939e+00, 1.92717138e+00, -7.4316337239, 0.0000000000, 0.8000000000, 1.3296131167
          95, 0.00000000e+00, 0.00000000e+00, 0.00000000e+00, 0.00000000e+00, 0.00000000e+00, 0.00000000e+00, 0.00000000e+00, 0.00000000e+00, 0.00000000e+00, 0.00000000e+00, 0.00000000e+00, 0.00000000e+00, 0.00000000e+00, 0.00000000e+00, 0.00000000e+00, -3.55216980e+00, -9.80684292e-01, -1.54695433e+00, -1.25389549e+00, 1.92705278e+00, -7.4285942390, 0.0000000000, 0.8000000000, 1.3427606000
          96, 0.00000000e+00, 0.00000000e+00, 0.00000000e+00, 0.00000000e+00, 0.00000000e+00, 0.00000000e+00, 0.00000000e+00, 0.00000000e+00, 0.00000000e+00, 0.00000000e+00, 0.00000000e+00, 0.00000000e+00, 0.00000000e+00, 0.00000000e+00, 0.00000000e+00, -3.55361637e+00, -9.82832747e-01, -1.55162331e+00, -1.25371888e+00, 1.92659533e+00, -7.4254831889, 0.0000000000, 0.8000000000, 1.3608083833
          97, 0.00000000e+00, 0.00000000e+00, 0.00000000e+00, 0.00000000e+00, 0.00000000e+00, 0.00000000e+00, 0.00000000e+00, 0.00000000e+00, 0.00000000e+00, 0.00000000e+00, 0.00000000e+00, 0.00000000e+00, 0.00000000e+00, 0.00000000e+00, 0.00000000e+00, -3.55568220e+00, -9.85593154e-01, -1.55626852e+00, -1.25152082e+00, 1.92556402e+00, -7.4209656414, 0.0000000000, 0.8000000000, 1.3779353500
          98, 0.00000000e+00, 0.00000000e+00, 0.00000000e+00, 0.00000000e+00, 0.00000000e+00, 0.00000000e+00, 0.00000000e+00, 0.00000000e+00, 0.00000000e+00, 0.00000000e+00, 0.00000000e+00, 0.00000000e+00, 0.00000000e+00, 0.00000000e+00, 0.00000000e+00, -3.55792117e+00, -9.89092217e-01, -1.56028027e+00, -1.24857965e+00, 1.92449260e+00, -7.4151656864, 0.0000000000, 0.8000000000, 1.3935846833
          99, 0.00000000e+00, 0.00000000e+00, 0.00000000e+00, 0.00000000e+00, 0.00000000e+00, 0.00000000e+00, 0.00000000e+00, 0.00000000e+00, 0.00000000e+00, 0.00000000e+00, 0.00000000e+00, 0.00000000e+00, 0.00000000e+00, 0.00000000e+00, 0.00000000e+00, -3.55940996e+00, -9.92963154e-01, -1.56332629e+00, -1.24705082e+00, 1.92447784e+00, -7.4066954612, 0.0000000000, 0.8000000000, 1.4081004333
         100, 0.00000000e+00, 0.00000000e+00, 0.00000000e+00, 0.00000000e+00, 0.00000000e+00, 0.00000000e+00, 0.00000000e+00, 0.00000000e+00, 0.00000000e+00, 0.00000000e+00, 0.00000000e+00, 0.00000000e+00, 0.00000000e+00, 0.00000000e+00, 0.00000000e+00, -3.55922057e+00, -9.96593034e-01, -1.56526704e+00, -1.24896222e+00, 1.92657338e+00, -7.3963867419, 0.0000000000, 0.8000000000, 1.4220432833
         101, 0.00000000e+00, 0.00000000e+00, 0.00000000e+00, 0.00000000e+00, 0.00000000e+00, 0.00000000e+00, 0.00000000e+00, 0.00000000e+00, 0.00000000e+00, 0.00000000e+00, 0.00000000e+00, 0.00000000e+00, 0.00000000e+00, 0.00000000e+00, 0.00000000e+00, -3.55701858e+00, -9.99467864e-01, -1.56600400e+00, -1.25515701e+00, 1.93103049e+00, -7.3852256893, 0.0000000000, 0.8000000000, 1.4338019167
         102, 0.00000000e+00, 0.00000000e+00, 0.00000000e+00, 0.00000000e+00, 0.00000000e+00, 0.00000000e+00, 0.00000000e+00, 0.00000000e+00, 0.00000000e+00, 0.00000000e+00, 0.00000000e+00, 0.00000000e+00, 0.00000000e+00, 0.00000000e+00, 0.00000000e+00, -3.55337252e+00, -1.00154593e+00, -1.56534292e+00, -1.26431485e+00, 1.93698159e+00, -7.3744772671, 0.0000000000, 0.8000000000, 1.4470467000
         103, 0.00000000e+00, 0.00000000e+00, 0.00000000e+00, 0.00000000e+00, 0.00000000e+00, 0.00000000e+00, 0.00000000e+00, 0.00000000e+00, 0.00000000e+00, 0.00000000e+00, 0.00000000e+00, 0.00000000e+00, 0.00000000e+00, 0.00000000e+00, 0.00000000e+00, -3.54949217e+00, -1.00308764e+00, -1.56295764e+00, -1.27243281e+00, 1.94282739e+00, -7.3658832986, 0.0000000000, 0.8000000000, 1.4606776000
         104, 0.00000000e+00, 0.00000000e+00, 0.00000000e+00, 0.00000000e+00, 0.00000000e+00, 0.00000000e+00, 0.00000000e+00, 0.00000000e+00, 0.00000000e+00, 0.00000000e+00, 0.00000000e+00, 0.00000000e+00, 0.00000000e+00, 0.00000000e+00, 0.00000000e+00, -3.54668057e+00, -1.00457002e+00, -1.55853406e+00, -1.27412815e+00, 1.94695368e+00, -7.3597990360, 0.0000000000, 0.8000000000, 1.4748684500
         105, 0.00000000e+00, 0.00000000e+00, 0.00000000e+00, 0.00000000e+00, 0.00000000e+00, 0.00000000e+00, 0.00000000e+00, 0.00000000e+00, 0.00000000e+00, 0.00000000e+00, 0.00000000e+00, 0.00000000e+00, 0.00000000e+00, 0.00000000e+00, 0.00000000e+00, -3.54579790e+00, -1.00652498e+00, -1.55206532e+00, -1.26566190e+00, 1.94837097e+00, -7.3566447689, 0.0000000000, 0.8000000000, 1.4879903000
         106, 0.00000000e+00, 0.00000000e+00, 0.00000000e+00, 0.00000000e+00, 0.00000000e+00, 0.00000000e+00, 0.00000000e+00, 0.00000000e+00, 0.00000000e+00, 0.00000000e+00, 0.00000000e+00, 0.00000000e+00, 0.00000000e+00, 0.00000000e+00, 0.00000000e+00, -3.54703859e+00, -1.00926994e+00, -1.54405256e+00, -1.24749858e+00, 1.94694965e+00, -7.3560215294, 0.0000000000, 0.8000000000, 1.5015266333
         107, 0.00000000e+00, 0.00000000e+00, 0.00000000e+00, 0.00000000e+00, 0.00000000e+00, 0.00000000e+00, 0.00000000e+00, 0.00000000e+00, 0.00000000e+00, 0.00000000e+00, 0.00000000e+00, 0.00000000e+00, 0.00000000e+00, 0.00000000e+00, 0.00000000e+00, -3.54989620e+00, -1.01272963e+00, -1.53544158e+00, -1.22359851e+00, 1.94343424e+00, -7.3558220166, 0.0000000000, 0.8000000000, 1.5159292833
         108, 0.00000000e+00, 0.00000000e+00, 0.00000000e+00, 0.00000000e+00, 0.00000000e+00, 0.00000000e+00, 0.00000000e+00, 0.00000000e+00, 0.00000000e+00, 0.00000000e+00, 0.00000000e+00, 0.00000000e+00, 0.00000000e+00, 0.00000000e+00, 0.00000000e+00, -3.55329939e+00, -1.01641979e+00, -1.52742084e+00, -1.19860824e+00, 1.93926385e+00, -7.3551748105, 0.0000000000, 0.8000000000, 1.5287062500
         109, 0.00000000e+00, 0.00000000e+00, 0.00000000e+00, 0.00000000e+00, 0.00000000e+00, 0.00000000e+00, 0.00000000e+00, 0.00000000e+00, 0.00000000e+00, 0.00000000e+00, 0.00000000e+00, 0.00000000e+00, 0.00000000e+00, 0.00000000e+00, 0.00000000e+00, -3.55577421e+00, -1.01945145e+00, -1.52105320e+00, -1.17613063e+00, 1.93637840e+00, -7.3531534823, 0.0000000000, 0.8000000000, 1.5409630500
         110, 0.00000000e+00, 0.00000000e+00, 0.00000000e+00, 0.00000000e+00, 0.00000000e+00, 0.00000000e+00, 0.00000000e+00, 0.00000000e+00, 0.00000000e+00, 0.00000000e+00, 0.00000000e+00, 0.00000000e+00, 0.00000000e+00, 0.00000000e+00, 0.00000000e+00, -3.55583325e+00, -1.02071870e+00, -1.51702584e+00, -1.15830382e+00, 1.93669158e+00, -7.3493725323, 0.0000000000, 0.8000000000, 1.5531487667
         111, 0.00000000e+00, 0.00000000e+00, 0.00000000e+00, 0.00000000e+00, 0.00000000e+00, 0.00000000e+00, 0.00000000e+00, 0.00000000e+00, 0.00000000e+00, 0.00000000e+00, 0.00000000e+00, 0.00000000e+00, 0.00000000e+00, 0.00000000e+00, 0.00000000e+00, -3.55245954e+00, -1.01943358e+00, -1.51575121e+00, -1.14590079e+00, 1.94148627e+00, -7.3441776551, 0.0000000000, 0.8000000000, 1.5654109000
         112, 0.00000000e+00, 0.00000000e+00, 0.00000000e+00, 0.00000000e+00, 0.00000000e+00, 0.00000000e+00, 0.00000000e+00, 0.00000000e+00, 0.00000000e+00, 0.00000000e+00, 0.00000000e+00, 0.00000000e+00, 0.00000000e+00, 0.00000000e+00, 0.00000000e+00, -3.54544422e+00, -1.01535987e+00, -1.51729347e+00, -1.13868190e+00, 1.95094327e+00, -7.3375709492, 0.0000000000, 0.8000000000, 1.5776456500
         113, 0.00000000e+00, 0.00000000e+00, 0.00000000e+00, 0.00000000e+00, 0.00000000e+00, 0.00000000e+00, 0.00000000e+00, 0.00000000e+00, 0.00000000e+00, 0.00000000e+00, 0.00000000e+00, 0.00000000e+00, 0.00000000e+00, 0.00000000e+00, 0.00000000e+00, -3.53548191e+00, -1.00886613e+00, -1.52116689e+00, -1.13543514e+00, 1.96399772e+00, -7.3302795611, 0.0000000000, 0.8000000000, 1.5899310333
         114, 0.00000000e+00, 0.00000000e+00, 0.00000000e+00, 0.00000000e+00, 0.00000000e+00, 0.00000000e+00, 0.00000000e+00, 0.00000000e+00, 0.00000000e+00, 0.00000000e+00, 0.00000000e+00, 0.00000000e+00, 0.00000000e+00, 0.00000000e+00, 0.00000000e+00, -3.52387259e+00, -1.00094148e+00, -1.52658201e+00, -1.13423405e+00, 1.97885346e+00, -7.3226583385, 0.0000000000, 0.8000000000, 1.6029920667
         115, 0.00000000e+00, 0.00000000e+00, 0.00000000e+00, 0.00000000e+00, 0.00000000e+00, 0.00000000e+00, 0.00000000e+00, 0.00000000e+00, 0.00000000e+00, 0.00000000e+00, 0.00000000e+00, 0.00000000e+00, 0.00000000e+00, 0.00000000e+00, 0.00000000e+00, -3.51198699e+00, -9.92813264e-01, -1.53247327e+00, -1.13273594e+00, 1.99373081e+00, -7.3145084900, 0.0000000000, 0.8000000000, 1.6154741500
         116, 0.00000000e+00, 0.00000000e+00, 0.00000000e+00, 0.00000000e+00, 0.00000000e+00, 0.00000000e+00, 0.00000000e+00, 0.00000000e+00, 0.00000000e+00, 0.00000000e+00, 0.00000000e+00, 0.00000000e+00, 0.00000000e+00, 0.00000000e+00, 0.00000000e+00, -3.50085896e+00, -9.85551611e-01, -1.53763650e+00, -1.12881392e+00, 2.00738158e+00, -7.3065245457, 0.0000000000, 0.8000000000, 1.6275536000
         117, 0.00000000e+00, 0.00000000e+00, 0.00000000e+00, 0.00000000e+00, 0.00000000e+00, 0.00000000e+00, 0.00000000e+00, 0.00000000e+00, 0.00000000e+00, 0.00000000e+00, 0.00000000e+00, 0.00000000e+00, 0.00000000e+00, 0.00000000e+00, 0.00000000e+00, -3.49103706e+00, -9.79861646e-01, -1.54089419e+00, -1.12113571e+00, 2.01924926e+00, -7.2985824683, 0.0000000000, 0.8000000000, 1.6396892833
         118, 0.00000000e+00, 0.00000000e+00, 0.00000000e+00, 0.00000000e+00, 0.00000000e+00, 0.00000000e+00, 0.00000000e+00, 0.00000000e+00, 0.00000000e+00, 0.00000000e+00, 0.00000000e+00, 0.00000000e+00, 0.00000000e+00, 0.00000000e+00, 0.00000000e+00, -3.48259722e+00, -9.75996369e-01, -1.54127368e+00, -1.10937232e+00, 2.02938794e+00, -7.2906615712, 0.0000000000, 0.8000000000, 1.6543236500
         119, 0.00000000e+00, 0.00000000e+00, 0.00000000e+00, 0.00000000e+00, 0.00000000e+00, 0.00000000e+00, 0.00000000e+00, 0.00000000e+00, 0.00000000e+00, 0.00000000e+00, 0.00000000e+00, 0.00000000e+00, 0.00000000e+00, 0.00000000e+00, 0.00000000e+00, -3.47530677e+00, -9.73794061e-01, -1.53821459e+00, -1.09390443e+00, 2.03819858e+00, -7.2822536171, 0.0000000000, 0.8000000000, 1.6688581833
         120, 0.00000000e+00, 0.00000000e+00, 0.00000000e+00, 0.00000000e+00, 0.00000000e+00, 0.00000000e+00, 0.00000000e+00, 0.00000000e+00, 0.00000000e+00, 0.00000000e+00, 0.00000000e+00, 0.00000000e+00, 0.00000000e+00, 0.00000000e+00, 0.00000000e+00, -3.46888364e+00, -9.72877450e-01, -1.53165211e+00, -1.07531753e+00, 2.04605609e+00, -7.2735826417, 0.0000000000, 0.8000000000, 1.6817672333
         121, 0.00000000e+00, 0.00000000e+00, 0.00000000e+00, 0.00000000e+00, 0.00000000e+00, 0.00000000e+00, 0.00000000e+00, 0.00000000e+00, 0.00000000e+00, 0.00000000e+00, 0.00000000e+00, 0.00000000e+00, 0.00000000e+00, 0.00000000e+00, 0.00000000e+00, -3.46307192e+00, -9.72717109e-01, -1.52200942e+00, -1.05397384e+00, 2.05313681e+00, -7.2645593894, 0.0000000000, 0.8000000000, 1.6957012833
         122, 0.00000000e+00, 0.00000000e+00, 0.00000000e+00, 0.00000000e+00, 0.00000000e+00, 0.00000000e+00, 0.00000000e+00, 0.00000000e+00, 0.00000000e+00, 0.00000000e+00, 0.00000000e+00, 0.00000000e+00, 0.00000000e+00, 0.00000000e+00, 0.00000000e+00, -3.45769063e+00, -9.72860420e-01, -1.51005019e+00, -1.03003495e+00, 2.05951854e+00, -7.2552332297, 0.0000000000, 0.8000000000, 1.7098729833
         123, 0.00000000e+00, 0.00000000e+00, 0.00000000e+00, 0.00000000e+00, 0.00000000e+00, 0.00000000e+00, 0.00000000e+00, 0.00000000e+00, 0.00000000e+00, 0.00000000e+00, 0.00000000e+00, 0.00000000e+00, 0.00000000e+00, 0.00000000e+00, 0.00000000e+00, -3.45256722e+00, -9.72932151e-01, -1.49665388e+00, -1.00377570e+00, 2.06530920e+00, -7.2458570999, 0.0000000000, 0.8000000000, 1.7248519667
         124, 0.00000000e+00, 0.00000000e+00, 0.00000000e+00, 0.00000000e+00, 0.00000000e+00, 0.00000000e+00, 0.00000000e+00, 0.00000000e+00, 0.00000000e+00, 0.00000000e+00, 0.00000000e+00, 0.00000000e+00, 0.00000000e+00, 0.00000000e+00, 0.00000000e+00, -3.44726299e+00, -9.72583674e-01, -1.48264399e+00, -9.76004433e-01, 2.07119084e+00, -7.2354016157, 0.0000000000, 0.8000000000, 1.7401599833
         125, 0.00000000e+00, 0.00000000e+00, 0.00000000e+00, 0.00000000e+00, 0.00000000e+00, 0.00000000e+00, 0.00000000e+00, 0.00000000e+00, 0.00000000e+00, 0.00000000e+00, 0.00000000e+00, 0.00000000e+00, 0.00000000e+00, 0.00000000e+00, 0.00000000e+00, -3.44092595e+00, -9.71374940e-01, -1.46836357e+00, -9.48070365e-01, 2.07854200e+00, -7.2247339893, 0.0000000000, 0.8000000000, 1.7554495500
         126, 0.00000000e+00, 0.00000000e+00, 0.00000000e+00, 0.00000000e+00, 0.00000000e+00, 0.00000000e+00, 0.00000000e+00, 0.00000000e+00, 0.00000000e+00, 0.00000000e+00, 0.00000000e+00, 0.00000000e+00, 0.00000000e+00, 0.00000000e+00, 0.00000000e+00, -3.43263761e+00, -9.68704105e-01, -1.45331795e+00, -9.20705296e-01, 2.08868403e+00, -7.2135957554, 0.0000000000, 0.8000000000, 1.7704419667
         127, 0.00000000e+00, 0.00000000e+00, 0.00000000e+00, 0.00000000e+00, 0.00000000e+00, 0.00000000e+00, 0.00000000e+00, 0.00000000e+00, 0.00000000e+00, 0.00000000e+00, 0.00000000e+00, 0.00000000e+00, 0.00000000e+00, 0.00000000e+00, 0.00000000e+00, -3.42095792e+00, -9.63465234e-01, -1.43618046e+00, -8.94092488e-01, 2.10351228e+00, -7.2008500833, 0.0000000000, 0.8000000000, 1.7853414167
         128, 0.00000000e+00, 0.00000000e+00, 0.00000000e+00, 0.00000000e+00, 0.00000000e+00, 0.00000000e+00, 0.00000000e+00, 0.00000000e+00, 0.00000000e+00, 0.00000000e+00, 0.00000000e+00, 0.00000000e+00, 0.00000000e+00, 0.00000000e+00, 0.00000000e+00, -3.40460173e+00, -9.54365628e-01, -1.41641247e+00, -8.67598388e-01, 2.12403403e+00, -7.1867932898, 0.0000000000, 0.8000000000, 1.7997720167
         129, 0.00000000e+00, 0.00000000e+00, 0.00000000e+00, 0.00000000e+00, 0.00000000e+00, 0.00000000e+00, 0.00000000e+00, 0.00000000e+00, 0.00000000e+00, 0.00000000e+00, 0.00000000e+00, 0.00000000e+00, 0.00000000e+00, 0.00000000e+00, 0.00000000e+00, -3.38306882e+00, -9.40640780e-01, -1.39547582e+00, -8.38205276e-01, 2.15090778e+00, -7.1727054134, 0.0000000000, 0.8000000000, 1.8128716500
         130, 0.00000000e+00, 0.00000000e+00, 0.00000000e+00, 0.00000000e+00, 0.00000000e+00, 0.00000000e+00, 0.00000000e+00, 0.00000000e+00, 0.00000000e+00, 0.00000000e+00, 0.00000000e+00, 0.00000000e+00, 0.00000000e+00, 0.00000000e+00, 0.00000000e+00, -3.35836376e+00, -9.23100715e-01, -1.37453466e+00, -8.05421352e-01, 2.18240910e+00, -7.1617227235, 0.0000000000, 0.8000000000, 1.8250351500
         131, 0.00000000e+00, 0.00000000e+00, 0.00000000e+00, 0.00000000e+00, 0.00000000e+00, 0.00000000e+00, 0.00000000e+00, 0.00000000e+00, 0.00000000e+00, 0.00000000e+00, 0.00000000e+00, 0.00000000e+00, 0.00000000e+00, 0.00000000e+00, 0.00000000e+00, -3.33566227e+00, -9.04377131e-01, -1.35160427e+00, -7.77613830e-01, 2.21073881e+00, -7.1518711099, 0.0000000000, 0.8000000000, 1.8369556833
         132, 0.00000000e+00, 0.00000000e+00, 0.00000000e+00, 0.00000000e+00, 0.00000000e+00, 0.00000000e+00, 0.00000000e+00, 0.00000000e+00, 0.00000000e+00, 0.00000000e+00, 0.00000000e+00, 0.00000000e+00, 0.00000000e+00, 0.00000000e+00, 0.00000000e+00, -3.31801905e+00, -8.86389748e-01, -1.32624018e+00, -7.59827353e-01, 2.23135630e+00, -7.1439415222, 0.0000000000, 0.8000000000, 1.8507244333
         133, 0.00000000e+00, 0.00000000e+00, 0.00000000e+00, 0.00000000e+00, 0.00000000e+00, 0.00000000e+00, 0.00000000e+00, 0.00000000e+00, 0.00000000e+00, 0.00000000e+00, 0.00000000e+00, 0.00000000e+00, 0.00000000e+00, 0.00000000e+00, 0.00000000e+00, -3.30285817e+00, -8.68408774e-01, -1.30348918e+00, -7.43283071e-01, 2.25031435e+00, -7.1375949827, 0.0000000000, 0.8000000000, 1.8656129667
         134, 0.00000000e+00, 0.00000000e+00, 0.00000000e+00, 0.00000000e+00, 0.00000000e+00, 0.00000000e+00, 0.00000000e+00, 0.00000000e+00, 0.00000000e+00, 0.00000000e+00, 0.00000000e+00, 0.00000000e+00, 0.00000000e+00, 0.00000000e+00, 0.00000000e+00, -3.29035382e+00, -8.50814649e-01, -1.29058445e+00, -7.33424036e-01, 2.26368079e+00, -7.1334314385, 0.0000000000, 0.8000000000, 1.8794866000
         135, 0.00000000e+00, 0.00000000e+00, 0.00000000e+00, 0.00000000e+00, 0.00000000e+00, 0.00000000e+00, 0.00000000e+00, 0.00000000e+00, 0.00000000e+00, 0.00000000e+00, 0.00000000e+00, 0.00000000e+00, 0.00000000e+00, 0.00000000e+00, 0.00000000e+00, -3.28105735e+00, -8.33858490e-01, -1.27607484e+00, -7.28826719e-01, 2.27224342e+00, -7.1312952002, 0.0000000000, 0.8000000000, 1.8925181000
         136, 0.00000000e+00, 0.00000000e+00, 0.00000000e+00, 0.00000000e+00, 0.00000000e+00, 0.00000000e+00, 0.00000000e+00, 0.00000000e+00, 0.00000000e+00, 0.00000000e+00, 0.00000000e+00, 0.00000000e+00, 0.00000000e+00, 0.00000000e+00, 0.00000000e+00, -3.27232901e+00, -8.16347359e-01, -1.26777293e+00, -7.22591942e-01, 2.28108327e+00, -7.1304562916, 0.0000000000, 0.8000000000, 1.9059075500
         137, 0.00000000e+00, 0.00000000e+00, 0.00000000e+00, 0.00000000e+00, 0.00000000e+00, 0.00000000e+00, 0.00000000e+00, 0.00000000e+00, 0.00000000e+00, 0.00000000e+00, 0.00000000e+00, 0.00000000e+00, 0.00000000e+00, 0.00000000e+00, 0.00000000e+00, -3.26256051e+00, -7.98237501e-01, -1.27009408e+00, -7.15887736e-01, 2.29129595e+00, -7.1292564038, 0.0000000000, 0.8000000000, 1.9206914667
         138, 0.00000000e+00, 0.00000000e+00, 0.00000000e+00, 0.00000000e+00, 0.00000000e+00, 0.00000000e+00, 0.00000000e+00, 0.00000000e+00, 0.00000000e+00, 0.00000000e+00, 0.00000000e+00, 0.00000000e+00, 0.00000000e+00, 0.00000000e+00, 0.00000000e+00, -3.25343885e+00, -7.81214456e-01, -1.26858069e+00, -7.13526381e-01, 2.29824014e+00, -7.1286625768, 0.0000000000, 0.8000000000, 1.9372071500
         139, 0.00000000e+00, 0.00000000e+00, 0.00000000e+00, 0.00000000e+00, 0.00000000e+00, 0.00000000e+00, 0.00000000e+00, 0.00000000e+00, 0.00000000e+00, 0.00000000e+00, 0.00000000e+00, 0.00000000e+00, 0.00000000e+00, 0.00000000e+00, 0.00000000e+00, -3.24487560e+00, -7.64705828e-01, -1.26597553e+00, -7.09117394e-01, 2.30535040e+00, -7.1284255495, 0.0000000000, 0.8000000000, 1.9536881667
         140, 0.00000000e+00, 0.00000000e+00, 0.00000000e+00, 0.00000000e+00, 0.00000000e+00, 0.00000000e+00, 0.00000000e+00, 0.00000000e+00, 0.00000000e+00, 0.00000000e+00, 0.00000000e+00, 0.00000000e+00, 0.00000000e+00, 0.00000000e+00, 0.00000000e+00, -3.23439657e+00, -7.47391487e-01, -1.26994099e+00, -6.99488840e-01, 2.31732859e+00, -7.1270544524, 0.0000000000, 0.8000000000, 1.9740015333
         141, 0.00000000e+00, 0.00000000e+00, 0.00000000e+00, 0.00000000e+00, 0.00000000e+00, 0.00000000e+00, 0.00000000e+00, 0.00000000e+00, 0.00000000e+00, 0.00000000e+00, 0.00000000e+00, 0.00000000e+00, 0.00000000e+00, 0.00000000e+00, 0.00000000e+00, -3.22566007e+00, -7.32521239e-01, -1.26997454e+00, -6.95494890e-01, 2.32503643e+00, -7.1248790612, 0.0000000000, 0.8000000000, 1.9893628167
         142, 0.00000000e+00, 0.00000000e+00, 0.00000000e+00, 0.00000000e+00, 0.00000000e+00, 0.00000000e+00, 0.00000000e+00, 0.00000000e+00, 0.00000000e+00, 0.00000000e+00, 0.00000000e+00, 0.00000000e+00, 0.00000000e+00, 0.00000000e+00, 0.00000000e+00, -3.21936167e+00, -7.20680459e-01, -1.26267164e+00, -6.91386509e-01, 2.32847369e+00, -7.1247609902, 0.0000000000, 0.8000000000, 2.0035252500
         143, 0.00000000e+00, 0.00000000e+00, 0.00000000e+00, 0.00000000e+00, 0.00000000e+00, 0.00000000e+00, 0.00000000e+00, 0.00000000e+00, 0.00000000e+00, 0.00000000e+00, 0.00000000e+00, 0.00000000e+00, 0.00000000e+00, 0.00000000e+00, 0.00000000e+00, -3.21082350e+00, -7.05758820e-01, -1.26085568e+00, -6.79007268e-01, 2.33753443e+00, -7.1240966516, 0.0000000000, 0.8000000000, 2.0202518833
         144, 0.00000000e+00, 0.00000000e+00, 0.00000000e+00, 0.00000000e+00, 0.00000000e+00, 0.00000000e+00, 0.00000000e+00, 0.00000000e+00, 0.00000000e+00, 0.00000000e+00, 0.00000000e+00, 0.00000000e+00, 0.00000000e+00, 0.00000000e+00, 0.00000000e+00, -3.20173010e+00, -6.90172320e-01, -1.26107845e+00, -6.69579785e-01, 2.34671655e+00, -7.1226116365, 0.0000000000, 0.8000000000, 2.0341324500
         145, 0.00000000e+00, 0.00000000e+00, 0.00000000e+00, 0.00000000e+00, 0.00000000e+00, 0.00000000e+00, 0.00000000e+00, 0.00000000e+00, 0.00000000e+00, 0.00000000e+00, 0.00000000e+00, 0.00000000e+00, 0.00000000e+00, 0.00000000e+00, 0.00000000e+00, -3.19605660e+00, -6.79988420e-01, -1.25327185e+00, -6.67153104e-01, 2.34766059e+00, -7.1215782351, 0.0000000000, 0.8000000000, 2.0482811500
         146, 0.00000000e+00, 0.00000000e+00, 0.00000000e+00, 0.00000000e+00, 0.00000000e+00, 0.00000000e+00, 0.00000000e+00, 0.00000000e+00, 0.00000000e+00, 0.00000000e+00, 0.00000000e+00, 0.00000000e+00, 0.00000000e+00, 0.00000000e+00, 0.00000000e+00, -3.18705698e+00, -6.66419742e-01, -1.24634359e+00, -6.57490711e-01, 2.35436714e+00, -7.1205235310, 0.0000000000, 0.8000000000, 2.0642135000
         147, 0.00000000e+00, 0.00000000e+00, 0.00000000e+00, 0.00000000e+00, 0.00000000e+00, 0.00000000e+00, 0.00000000e+00, 0.00000000e+00, 0.00000000e+00, 0.00000000e+00, 0.00000000e+00, 0.00000000e+00, 0.00000000e+00, 0.00000000e+00, 0.00000000e+00, -3.17340254e+00, -6.47236322e-01, -1.24546795e+00, -6.46147994e-01, 2.36866443e+00, -7.1185449044, 0.0000000000, 0.8000000000, 2.0813551500
         148, 0.00000000e+00, 0.00000000e+00, 0.00000000e+00, 0.00000000e+00, 0.00000000e+00, 0.00000000e+00, 0.00000000e+00, 0.00000000e+00, 0.00000000e+00, 0.00000000e+00, 0.00000000e+00, 0.00000000e+00, 0.00000000e+00, 0.00000000e+00, 0.00000000e+00, -3.16285010e+00, -6.32902814e-01, -1.23882425e+00, -6.46282284e-01, 2.37476560e+00, -7.1154721314, 0.0000000000, 0.8000000000, 2.0949578833
         149, 0.00000000e+00, 0.00000000e+00, 0.00000000e+00, 0.00000000e+00, 0.00000000e+00, 0.00000000e+00, 0.00000000e+00, 0.00000000e+00, 0.00000000e+00, 0.00000000e+00, 0.00000000e+00, 0.00000000e+00, 0.00000000e+00, 0.00000000e+00, 0.00000000e+00, -3.15304162e+00, -6.21251190e-01, -1.22560296e+00, -6.44172825e-01, 2.38067617e+00, -7.1130751557, 0.0000000000, 0.8000000000, 2.1084374333
         150, 0.00000000e+00, 0.00000000e+00, 0.00000000e+00, 0.00000000e+00, 0.00000000e+00, 0.00000000e+00, 0.00000000e+00, 0.00000000e+00, 0.00000000e+00, 0.00000000e+00, 0.00000000e+00, 0.00000000e+00, 0.00000000e+00, 0.00000000e+00, 0.00000000e+00, -3.14123624e+00, -6.07244553e-01, -1.21813084e+00, -6.34011724e-01, 2.39451465e+00, -7.1119839541, 0.0000000000, 0.8000000000, 2.1230762833
         151, 0.00000000e+00, 0.00000000e+00, 0.00000000e+00, 0.00000000e+00, 0.00000000e+00, 0.00000000e+00, 0.00000000e+00, 0.00000000e+00, 0.00000000e+00, 0.00000000e+00, 0.00000000e+00, 0.00000000e+00, 0.00000000e+00, 0.00000000e+00, 0.00000000e+00, -3.13384980e+00, -5.97612992e-01, -1.21119157e+00, -6.33809058e-01, 2.40075697e+00, -7.1117940481, 0.0000000000, 0.8000000000, 2.1366635000
         152, 0.00000000e+00, 0.00000000e+00, 0.00000000e+00, 0.00000000e+00, 0.00000000e+00, 0.00000000e+00, 0.00000000e+00, 0.00000000e+00, 0.00000000e+00, 0.00000000e+00, 0.00000000e+00, 0.00000000e+00, 0.00000000e+00, 0.00000000e+00, 0.00000000e+00, -3.12956622e+00, -5.92099645e-01, -1.19624921e+00, -6.39120945e-01, 2.40017603e+00, -7.1119398358, 0.0000000000, 0.8000000000, 2.1504288333
         153, 0.00000000e+00, 0.00000000e+00, 0.00000000e+00, 0.00000000e+00, 0.00000000e+00, 0.00000000e+00, 0.00000000e+00, 0.00000000e+00, 0.00000000e+00, 0.00000000e+00, 0.00000000e+00, 0.00000000e+00, 0.00000000e+00, 0.00000000e+00, 0.00000000e+00, -3.12201879e+00, -5.84330120e-01, -1.18273458e+00, -6.30595513e-01, 2.40832557e+00, -7.1124870467, 0.0000000000, 0.8000000000, 2.1640521333
         154, 0.00000000e+00, 0.00000000e+00, 0.00000000e+00, 0.00000000e+00, 0.00000000e+00, 0.00000000e+00, 0.00000000e+00, 0.00000000e+00, 0.00000000e+00, 0.00000000e+00, 0.00000000e+00, 0.00000000e+00, 0.00000000e+00, 0.00000000e+00, 0.00000000e+00, -3.11397200e+00, -5.76142702e-01, -1.17391221e+00, -6.21780766e-01, 2.41740306e+00, -7.1131716128, 0.0000000000, 0.8000000000, 2.1778681833
         155, 0.00000000e+00, 0.00000000e+00, 0.00000000e+00, 0.00000000e+00, 0.00000000e+00, 0.00000000e+00, 0.00000000e+00, 0.00000000e+00, 0.00000000e+00, 0.00000000e+00, 0.00000000e+00, 0.00000000e+00, 0.00000000e+00, 0.00000000e+00, 0.00000000e+00, -3.10849793e+00, -5.70205674e-01, -1.15995546e+00, -6.23947847e-01, 2.41862919e+00, -7.1123265480, 0.0000000000, 0.8000000000, 2.1916334333
         156, 0.00000000e+00, 0.00000000e+00, 0.00000000e+00, 0.00000000e+00, 0.00000000e+00, 0.00000000e+00, 0.00000000e+00, 0.00000000e+00, 0.00000000e+00, 0.00000000e+00, 0.00000000e+00, 0.00000000e+00, 0.00000000e+00, 0.00000000e+00, 0.00000000e+00, -3.10339970e+00, -5.65935841e-01, -1.14332268e+00, -6.19401220e-01, 2.42252314e+00, -7.1106689707, 0.0000000000, 0.8000000000, 2.2054455500
         157, 0.00000000e+00, 0.00000000e+00, 0.00000000e+00, 0.00000000e+00, 0.00000000e+00, 0.00000000e+00, 0.00000000e+00, 0.00000000e+00, 0.00000000e+00, 0.00000000e+00, 0.00000000e+00, 0.00000000e+00, 0.00000000e+00, 0.00000000e+00, 0.00000000e+00, -3.09907425e+00, -5.63480143e-01, -1.13284589e+00, -6.08985313e-01, 2.42981824e+00, -7.1082954294, 0.0000000000, 0.8000000000, 2.2186542333
         158, 0.00000000e+00, 0.00000000e+00, 0.00000000e+00, 0.00000000e+00, 0.00000000e+00, 0.00000000e+00, 0.00000000e+00, 0.00000000e+00, 0.00000000e+00, 0.00000000e+00, 0.00000000e+00, 0.00000000e+00, 0.00000000e+00, 0.00000000e+00, 0.00000000e+00, -3.09826024e+00, -5.64153786e-01, -1.12297973e+00, -6.10768650e-01, 2.42953659e+00, -7.1040937212, 0.0000000000, 0.8000000000, 2.2336116500
         159, 0.00000000e+00, 0.00000000e+00, 0.00000000e+00, 0.00000000e+00, 0.00000000e+00, 0.00000000e+00, 0.00000000e+00, 0.00000000e+00, 0.00000000e+00, 0.00000000e+00, 0.00000000e+00, 0.00000000e+00, 0.00000000e+00, 0.00000000e+00, 0.00000000e+00, -3.09970958e+00, -5.67446553e-01, -1.10711288e+00, -6.16161113e-01, 2.42573458e+00, -7.0989189329, 0.0000000000, 0.8000000000, 2.2491950167
         160, 0.00000000e+00, 0.00000000e+00, 0.00000000e+00, 0.00000000e+00, 0.00000000e+00, 0.00000000e+00, 0.00000000e+00, 0.00000000e+00, 0.00000000e+00, 0.00000000e+00, 0.00000000e+00, 0.00000000e+00, 0.00000000e+00, 0.00000000e+00, 0.00000000e+00, -3.10028953e+00, -5.70698797e-01, -1.09361707e+00, -6.09146567e-01, 2.42822671e+00, -7.0937466283, 0.0000000000, 0.8000000000, 2.2636138833
         161, 0.00000000e+00, 0.00000000e+00, 0.00000000e+00, 0.00000000e+00, 0.00000000e+00, 0.00000000e+00, 0.00000000e+00, 0.00000000e+00, 0.00000000e+00, 0.00000000e+00, 0.00000000e+00, 0.00000000e+00, 0.00000000e+00, 0.00000000e+00, 0.00000000e+00, -3.09773771e+00, -5.68611813e-01, -1.08377817e+00, -6.02100335e-01, 2.43282538e+00, -7.0870239948, 0.0000000000, 0.8000000000, 2.2775655000
         162, 0.00000000e+00, 0.00000000e+00, 0.00000000e+00, 0.00000000e+00, 0.00000000e+00, 0.00000000e+00, 0.00000000e+00, 0.00000000e+00, 0.00000000e+00, 0.00000000e+00, 0.00000000e+00, 0.00000000e+00, 0.00000000e+00, 0.00000000e+00, 0.00000000e+00, -3.09374377e+00, -5.62961697e-01, -1.07157703e+00, -6.04344335e-01, 2.43371924e+00, -7.0789020581, 0.0000000000, 0.8000000000, 2.2911023500
         163, 0.00000000e+00, 0.00000000e+00, 0.00000000e+00, 0.00000000e+00, 0.00000000e+00, 0.00000000e+00, 0.00000000e+00, 0.00000000e+00, 0.00000000e+00, 0.00000000e+00, 0.00000000e+00, 0.00000000e+00, 0.00000000e+00, 0.00000000e+00, 0.00000000e+00, -3.09041424e+00, -5.59003356e-01, -1.06149132e+00, -5.99464528e-01, 2.43807314e+00, -7.0704806970, 0.0000000000, 0.8000000000, 2.3070618000
         164, 0.00000000e+00, 0.00000000e+00, 0.00000000e+00, 0.00000000e+00, 0.00000000e+00, 0.00000000e+00, 0.00000000e+00, 0.00000000e+00, 0.00000000e+00, 0.00000000e+00, 0.00000000e+00, 0.00000000e+00, 0.00000000e+00, 0.00000000e+00, 0.00000000e+00, -3.08971514e+00, -5.59019831e-01, -1.05329249e+00, -5.91015445e-01, 2.44241509e+00, -7.0613068458, 0.0000000000, 0.8000000000, 2.3238943000
         165, 0.00000000e+00, 0.00000000e+00, 0.00000000e+00, 0.00000000e+00, 0.00000000e+00, 0.00000000e+00, 0.00000000e+00, 0.00000000e+00, 0.00000000e+00, 0.00000000e+00, 0.00000000e+00, 0.00000000e+00, 0.00000000e+00, 0.00000000e+00, 0.00000000e+00, -3.09130526e+00, -5.60994256e-01, -1.04555520e+00, -5.95845054e-01, 2.43751818e+00, -7.0509665988, 0.0000000000, 0.8000000000, 2.3393867667
         166, 0.00000000e+00, 0.00000000e+00, 0.00000000e+00, 0.00000000e+00, 0.00000000e+00, 0.00000000e+00, 0.00000000e+00, 0.00000000e+00, 0.00000000e+00, 0.00000000e+00, 0.00000000e+00, 0.00000000e+00, 0.00000000e+00, 0.00000000e+00, 0.00000000e+00, -3.09139753e+00, -5.62496283e-01, -1.03583707e+00, -5.99454490e-01, 2.43357483e+00, -7.0416440415, 0.0000000000, 0.8000000000, 2.3538141333
         167, 0.00000000e+00, 0.00000000e+00, 0.00000000e+00, 0.00000000e+00, 0.00000000e+00, 0.00000000e+00, 0.00000000e+00, 0.00000000e+00, 0.00000000e+00, 0.00000000e+00, 0.00000000e+00, 0.00000000e+00, 0.00000000e+00, 0.00000000e+00, 0.00000000e+00, -3.08905169e+00, -5.63510453e-01, -1.02888776e+00, -5.86672988e-01, 2.44057923e+00, -7.0342949274, 0.0000000000, 0.8000000000, 2.3669659333
         168, 0.00000000e+00, 0.00000000e+00, 0.00000000e+00, 0.00000000e+00, 0.00000000e+00, 0.00000000e+00, 0.00000000e+00, 0.00000000e+00, 0.00000000e+00, 0.00000000e+00, 0.00000000e+00, 0.00000000e+00, 0.00000000e+00, 0.00000000e+00, 0.00000000e+00, -3.08810742e+00, -5.65763092e-01, -1.02382351e+00, -5.82425405e-01, 2.44309846e+00, -7.0273630040, 0.0000000000, 0.8000000000, 2.3794214667
         169, 0.00000000e+00, 0.00000000e+00, 0.00000000e+00, 0.00000000e+00, 0.00000000e+00, 0.00000000e+00, 0.00000000e+00, 0.00000000e+00, 0.00000000e+00, 0.00000000e+00, 0.00000000e+00, 0.00000000e+00, 0.00000000e+00, 0.00000000e+00, 0.00000000e+00, -3.08820083e+00, -5.68249654e-01, -1.01921428e+00, -5.92987253e-01, 2.43720301e+00, -7.0213271728, 0.0000000000, 0.8000000000, 2.3919274333
         170, 0.00000000e+00, 0.00000000e+00, 0.00000000e+00, 0.00000000e+00, 0.00000000e+00, 0.00000000e+00, 0.00000000e+00, 0.00000000e+00, 0.00000000e+00, 0.00000000e+00, 0.00000000e+00, 0.00000000e+00, 0.00000000e+00, 0.00000000e+00, 0.00000000e+00, -3.08448425e+00, -5.67199891e-01, -1.01649905e+00, -5.89340121e-01, 2.44201235e+00, -7.0176242282, 0.0000000000, 0.8000000000, 2.4041623500
         171, 0.00000000e+00, 0.00000000e+00, 0.00000000e+00, 0.00000000e+00, 0.00000000e+00, 0.00000000e+00, 0.00000000e+00, 0.00000000e+00, 0.00000000e+00, 0.00000000e+00, 0.00000000e+00, 0.00000000e+00, 0.00000000e+00, 0.00000000e+00, 0.00000000e+00, -3.07828166e+00, -5.62127711e-01, -1.01434189e+00, -5.76299061e-01, 2.45388171e+00, -7.0149792073, 0.0000000000, 0.8000000000, 2.4163942333
         172, 0.00000000e+00, 0.00000000e+00, 0.00000000e+00, 0.00000000e+00, 0.00000000e+00, 0.00000000e+00, 0.00000000e+00, 0.00000000e+00, 0.00000000e+00, 0.00000000e+00, 0.00000000e+00, 0.00000000e+00, 0.00000000e+00, 0.00000000e+00, 0.00000000e+00, -3.07467461e+00, -5.57641978e-01, -1.00870674e+00, -5.79374479e-01, 2.45442432e+00, -7.0121745353, 0.0000000000, 0.8000000000, 2.4288572000
         173, 0.00000000e+00, 0.00000000e+00, 0.00000000e+00, 0.00000000e+00, 0.00000000e+00, 0.00000000e+00, 0.00000000e+00, 0.00000000e+00, 0.00000000e+00, 0.00000000e+00, 0.00000000e+00, 0.00000000e+00, 0.00000000e+00, 0.00000000e+00, 0.00000000e+00, -3.07391399e+00, -5.57896354e-01, -9.98434774e-01, -5.81863997e-01, 2.45178450e+00, -7.0081107868, 0.0000000000, 0.8000000000, 2.4411892000
         174, 0.00000000e+00, 0.00000000e+00, 0.00000000e+00, 0.00000000e+00, 0.00000000e+00, 0.00000000e+00, 0.00000000e+00, 0.00000000e+00, 0.00000000e+00, 0.00000000e+00, 0.00000000e+00, 0.00000000e+00, 0.00000000e+00, 0.00000000e+00, 0.00000000e+00, -3.07290845e+00, -5.60545597e-01, -9.85829809e-01, -5.64441098e-01, 2.45920786e+00, -7.0042535380, 0.0000000000, 0.8000000000, 2.4533157500
         175, 0.00000000e+00, 0.00000000e+00, 0.00000000e+00, 0.00000000e+00, 0.00000000e+00, 0.00000000e+00, 0.00000000e+00, 0.00000000e+00, 0.00000000e+00, 0.00000000e+00, 0.00000000e+00, 0.00000000e+00, 0.00000000e+00, 0.00000000e+00, 0.00000000e+00, -3.07127498e+00, -5.60635735e-01, -9.74488001e-01, -5.57545362e-01, 2.46211791e+00, -6.9995850837, 0.0000000000, 0.8000000000, 2.4653694000
         176, 0.00000000e+00, 0.00000000e+00, 0.00000000e+00, 0.00000000e+00, 0.00000000e+00, 0.00000000e+00, 0.00000000e+00, 0.00000000e+00, 0.00000000e+00, 0.00000000e+00, 0.00000000e+00, 0.00000000e+00, 0.00000000e+00, 0.00000000e+00, 0.00000000e+00, -3.06819193e+00, -5.58272671e-01, -9.69227377e-01, -5.67740293e-01, 2.45828327e+00, -6.9932378217, 0.0000000000, 0.8000000000, 2.4775768833
         177, 0.00000000e+00, 0.00000000e+00, 0.00000000e+00, 0.00000000e+00, 0.00000000e+00, 0.00000000e+00, 0.00000000e+00, 0.00000000e+00, 0.00000000e+00, 0.00000000e+00, 0.00000000e+00, 0.00000000e+00, 0.00000000e+00, 0.00000000e+00, 0.00000000e+00, -3.06268202e+00, -5.56481007e-01, -9.67598621e-01, -5.62567600e-01, 2.46645966e+00, -6.9889161289, 0.0000000000, 0.8000000000, 2.4904425000
         178, 0.00000000e+00, 0.00000000e+00, 0.00000000e+00, 0.00000000e+00, 0.00000000e+00, 0.00000000e+00, 0.00000000e+00, 0.00000000e+00, 0.00000000e+00, 0.00000000e+00, 0.00000000e+00, 0.00000000e+00, 0.00000000e+00, 0.00000000e+00, 0.00000000e+00, -3.05816803e+00, -5.55240285e-01, -9.62469286e-01, -5.52829640e-01, 2.47702770e+00, -6.9861518676, 0.0000000000, 0.8000000000, 2.5029147000
         179, 0.00000000e+00, 0.00000000e+00, 0.00000000e+00, 0.00000000e+00, 0.00000000e+00, 0.00000000e+00, 0.00000000e+00, 0.00000000e+00, 0.00000000e+00, 0.00000000e+00, 0.00000000e+00, 0.00000000e+00, 0.00000000e+00, 0.00000000e+00, 0.00000000e+00, -3.05808079e+00, -5.55401159e-01, -9.53372428e-01, -5.65251733e-01, 2.47246190e+00, -6.9824334122, 0.0000000000, 0.8000000000, 2.5154153333
         180, 0.00000000e+00, 0.00000000e+00, 0.00000000e+00, 0.00000000e+00, 0.00000000e+00, 0.00000000e+00, 0.00000000e+00, 0.00000000e+00, 0.00000000e+00, 0.00000000e+00, 0.00000000e+00, 0.00000000e+00, 0.00000000e+00, 0.00000000e+00, 0.00000000e+00, -3.06095397e+00, -5.60743915e-01, -9.46472167e-01, -5.71817436e-01, 2.46809189e+00, -6.9777226250, 0.0000000000, 0.8000000000, 2.5278347000
         181, 0.00000000e+00, 0.00000000e+00, 0.00000000e+00, 0.00000000e+00, 0.00000000e+00, 0.00000000e+00, 0.00000000e+00, 0.00000000e+00, 0.00000000e+00, 0.00000000e+00, 0.00000000e+00, 0.00000000e+00, 0.00000000e+00, 0.00000000e+00, 0.00000000e+00, -3.06480611e+00, -5.69269187e-01, -9.41463523e-01, -5.53657619e-01, 2.47351160e+00, -6.9738402836, 0.0000000000, 0.8000000000, 2.5402623500
         182, 0.00000000e+00, 0.00000000e+00, 0.00000000e+00, 0.00000000e+00, 0.00000000e+00, 0.00000000e+00, 0.00000000e+00, 0.00000000e+00, 0.00000000e+00, 0.00000000e+00, 0.00000000e+00, 0.00000000e+00, 0.00000000e+00, 0.00000000e+00, 0.00000000e+00, -3.06734975e+00, -5.69619243e-01, -9.35161452e-01, -5.48265931e-01, 2.47011565e+00, -6.9686781472, 0.0000000000, 0.8000000000, 2.5524737000
         183, 0.00000000e+00, 0.00000000e+00, 0.00000000e+00, 0.00000000e+00, 0.00000000e+00, 0.00000000e+00, 0.00000000e+00, 0.00000000e+00, 0.00000000e+00, 0.00000000e+00, 0.00000000e+00, 0.00000000e+00, 0.00000000e+00, 0.00000000e+00, 0.00000000e+00, -3.06387042e+00, -5.57861649e-01, -9.32599316e-01, -5.59178524e-01, 2.46291839e+00, -6.9610719339, 0.0000000000, 0.8000000000, 2.5647442833
         184, 0.00000000e+00, 0.00000000e+00, 0.00000000e+00, 0.00000000e+00, 0.00000000e+00, 0.00000000e+00, 0.00000000e+00, 0.00000000e+00, 0.00000000e+00, 0.00000000e+00, 0.00000000e+00, 0.00000000e+00, 0.00000000e+00, 0.00000000e+00, 0.00000000e+00, -3.05573588e+00, -5.46646333e-01, -9.35527362e-01, -5.48187961e-01, 2.47534331e+00, -6.9504856244, 0.0000000000, 0.8000000000, 2.5790640500
         185, 0.00000000e+00, 0.00000000e+00, 0.00000000e+00, 0.00000000e+00, 0.00000000e+00, 0.00000000e+00, 0.00000000e+00, 0.00000000e+00, 0.00000000e+00, 0.00000000e+00, 0.00000000e+00, 0.00000000e+00, 0.00000000e+00, 0.00000000e+00, 0.00000000e+00, -3.05414687e+00, -5.47538374e-01, -9.33962890e-01, -5.35833195e-01, 2.48427847e+00, -6.9372510087, 0.0000000000, 0.8000000000, 2.5949445833
         186, 0.00000000e+00, 0.00000000e+00, 0.00000000e+00, 0.00000000e+00, 0.00000000e+00, 0.00000000e+00, 0.00000000e+00, 0.00000000e+00, 0.00000000e+00, 0.00000000e+00, 0.00000000e+00, 0.00000000e+00, 0.00000000e+00, 0.00000000e+00, 0.00000000e+00, -3.05932803e+00, -5.56399158e-01, -9.22095340e-01, -5.51014161e-01, 2.47074885e+00, -6.9258579095, 0.0000000000, 0.8000000000, 2.6085775500
         187, 0.00000000e+00, 0.00000000e+00, 0.00000000e+00, 0.00000000e+00, 0.00000000e+00, 0.00000000e+00, 0.00000000e+00, 0.00000000e+00, 0.00000000e+00, 0.00000000e+00, 0.00000000e+00, 0.00000000e+00, 0.00000000e+00, 0.00000000e+00, 0.00000000e+00, -3.05766198e+00, -5.60333042e-01, -9.08942034e-01, -5.56871158e-01, 2.46821087e+00, -6.9214023359, 0.0000000000, 0.8000000000, 2.6238793333
         188, 0.00000000e+00, 0.00000000e+00, 0.00000000e+00, 0.00000000e+00, 0.00000000e+00, 0.00000000e+00, 0.00000000e+00, 0.00000000e+00, 0.00000000e+00, 0.00000000e+00, 0.00000000e+00, 0.00000000e+00, 0.00000000e+00, 0.00000000e+00, 0.00000000e+00, -3.04764373e+00, -5.55496495e-01, -9.02233944e-01, -5.43978518e-01, 2.48765128e+00, -6.9256306256, 0.0000000000, 0.8000000000, 2.6379720500
         189, 0.00000000e+00, 0.00000000e+00, 0.00000000e+00, 0.00000000e+00, 0.00000000e+00, 0.00000000e+00, 0.00000000e+00, 0.00000000e+00, 0.00000000e+00, 0.00000000e+00, 0.00000000e+00, 0.00000000e+00, 0.00000000e+00, 0.00000000e+00, 0.00000000e+00, -3.04033132e+00, -5.50212739e-01, -9.01515126e-01, -5.56183896e-01, 2.49509456e+00, -6.9347303990, 0.0000000000, 0.8000000000, 2.6538174333
         190, 0.00000000e+00, 0.00000000e+00, 0.00000000e+00, 0.00000000e+00, 0.00000000e+00, 0.00000000e+00, 0.00000000e+00, 0.00000000e+00, 0.00000000e+00, 0.00000000e+00, 0.00000000e+00, 0.00000000e+00, 0.00000000e+00, 0.00000000e+00, 0.00000000e+00, -3.03774732e+00, -5.50737426e-01, -9.00009227e-01, -5.78869856e-01, 2.49311267e+00, -6.9444207362, 0.0000000000, 0.8000000000, 2.6675632167
         191, 0.00000000e+00, 0.00000000e+00, 0.00000000e+00, 0.00000000e+00, 0.00000000e+00, 0.00000000e+00, 0.00000000e+00, 0.00000000e+00, 0.00000000e+00, 0.00000000e+00, 0.00000000e+00, 0.00000000e+00, 0.00000000e+00, 0.00000000e+00, 0.00000000e+00, -3.03699492e+00, -5.55033608e-01, -8.93172356e-01, -5.61378352e-01, 2.50229409e+00, -6.9524119941, 0.0000000000, 0.8000000000, 2.6822176833
         192, 0.00000000e+00, 0.00000000e+00, 0.00000000e+00, 0.00000000e+00, 0.00000000e+00, 0.00000000e+00, 0.00000000e+00, 0.00000000e+00, 0.00000000e+00, 0.00000000e+00, 0.00000000e+00, 0.00000000e+00, 0.00000000e+00, 0.00000000e+00, 0.00000000e+00, -3.04311856e+00, -5.57720281e-01, -8.85770639e-01, -5.31958874e-01, 2.50319532e+00, -6.9565389224, 0.0000000000, 0.8000000000, 2.6965217000
         193, 0.00000000e+00, 0.00000000e+00, 0.00000000e+00, 0.00000000e+00, 0.00000000e+00, 0.00000000e+00, 0.00000000e+00, 0.00000000e+00, 0.00000000e+00, 0.00000000e+00, 0.00000000e+00, 0.00000000e+00, 0.00000000e+00, 0.00000000e+00, 0.00000000e+00, -3.05968139e+00, -5.57232275e-01, -8.86327983e-01, -5.33008541e-01, 2.47426773e+00, -6.9543577428, 0.0000000000, 0.8000000000, 2.7121814333
         194, 0.00000000e+00, 0.00000000e+00, 0.00000000e+00, 0.00000000e+00, 0.00000000e+00, 0.00000000e+00, 0.00000000e+00, 0.00000000e+00, 0.00000000e+00, 0.00000000e+00, 0.00000000e+00, 0.00000000e+00, 0.00000000e+00, 0.00000000e+00, 0.00000000e+00, -3.06709370e+00, -5.55288621e-01, -8.93902119e-01, -5.41006054e-01, 2.45669610e+00, -6.9403263172, 0.0000000000, 0.8000000000, 2.7273474000
         195, 0.00000000e+00, 0.00000000e+00, 0.00000000e+00, 0.00000000e+00, 0.00000000e+00, 0.00000000e+00, 0.00000000e+00, 0.00000000e+00, 0.00000000e+00, 0.00000000e+00, 0.00000000e+00, 0.00000000e+00, 0.00000000e+00, 0.00000000e+00, 0.00000000e+00, -3.05281697e+00, -5.52347638e-01, -8.96931143e-01, -5.32810145e-01, 2.48491666e+00, -6.9247240011, 0.0000000000, 0.8000000000, 2.7402012167
         196, 0.00000000e+00, 0.00000000e+00, 0.00000000e+00, 0.00000000e+00, 0.00000000e+00, 0.00000000e+00, 0.00000000e+00, 0.00000000e+00, 0.00000000e+00, 0.00000000e+00, 0.00000000e+00, 0.00000000e+00, 0.00000000e+00, 0.00000000e+00, 0.00000000e+00, -3.04167473e+00, -5.48802834e-01, -8.95195120e-01, -5.51522446e-01, 2.49961530e+00, -6.9150748629, 0.0000000000, 0.8000000000, 2.7533056500
         197, 0.00000000e+00, 0.00000000e+00, 0.00000000e+00, 0.00000000e+00, 0.00000000e+00, 0.00000000e+00, 0.00000000e+00, 0.00000000e+00, 0.00000000e+00, 0.00000000e+00, 0.00000000e+00, 0.00000000e+00, 0.00000000e+00, 0.00000000e+00, 0.00000000e+00, -3.04109870e+00, -5.44150464e-01, -9.01666211e-01, -6.04890306e-01, 2.48972856e+00, -6.9132003481, 0.0000000000, 0.8000000000, 2.7659873667
         198, 0.00000000e+00, 0.00000000e+00, 0.00000000e+00, 0.00000000e+00, 0.00000000e+00, 0.00000000e+00, 0.00000000e+00, 0.00000000e+00, 0.00000000e+00, 0.00000000e+00, 0.00000000e+00, 0.00000000e+00, 0.00000000e+00, 0.00000000e+00, 0.00000000e+00, -3.04012159e+00, -5.39187307e-01, -9.16711343e-01, -6.38364721e-01, 2.48646206e+00, -6.9160520225, 0.0000000000, 0.8000000000, 2.7793115167
         199, 0.00000000e+00, 0.00000000e+00, 0.00000000e+00, 0.00000000e+00, 0.00000000e+00, 0.00000000e+00, 0.00000000e+00, 0.00000000e+00, 0.00000000e+00, 0.00000000e+00, 0.00000000e+00, 0.00000000e+00, 0.00000000e+00, 0.00000000e+00, 0.00000000e+00, -3.03928542e+00, -5.36386544e-01, -9.29841736e-01, -6.32737414e-01, 2.48942805e+00, -6.9199045529, 0.0000000000, 0.8000000000, 2.7936536500
         200, 0.00000000e+00, 0.00000000e+00, 0.00000000e+00, 0.00000000e+00, 0.00000000e+00, 0.00000000e+00, 0.00000000e+00, 0.00000000e+00, 0.00000000e+00, 0.00000000e+00, 0.00000000e+00, 0.00000000e+00, 0.00000000e+00, 0.00000000e+00, 0.00000000e+00, -3.04382393e+00, -5.36403354e-01, -9.33213744e-01, -6.16475402e-01, 2.48401248e+00, -6.9235012717, 0.0000000000, 0.8000000000, 2.8071318000
         201, 0.00000000e+00, 0.00000000e+00, 0.00000000e+00, 0.00000000e+00, 0.00000000e+00, 0.00000000e+00, 0.00000000e+00, 0.00000000e+00, 0.00000000e+00, 0.00000000e+00, 0.00000000e+00, 0.00000000e+00, 0.00000000e+00, 0.00000000e+00, 0.00000000e+00, -3.05385084e+00, -5.37247937e-01, -9.30500801e-01, -6.06315282e-01, 2.46826238e+00, -6.9261568618, 0.0000000000, 0.8000000000, 2.8184961667
         202, 0.00000000e+00, 0.00000000e+00, 0.00000000e+00, 0.00000000e+00, 0.00000000e+00, 0.00000000e+00, 0.00000000e+00, 0.00000000e+00, 0.00000000e+00, 0.00000000e+00, 0.00000000e+00, 0.00000000e+00, 0.00000000e+00, 0.00000000e+00, 0.00000000e+00, -3.06571627e+00, -5.37770165e-01, -9.28242053e-01, -6.03432928e-01, 2.44939313e+00, -6.9270745927, 0.0000000000, 0.8000000000, 2.8332309833
         203, 0.00000000e+00, 0.00000000e+00, 0.00000000e+00, 0.00000000e+00, 0.00000000e+00, 0.00000000e+00, 0.00000000e+00, 0.00000000e+00, 0.00000000e+00, 0.00000000e+00, 0.00000000e+00, 0.00000000e+00, 0.00000000e+00, 0.00000000e+00, 0.00000000e+00, -3.07475993e+00, -5.37950988e-01, -9.26812561e-01, -6.05173285e-01, 2.43536469e+00, -6.9234781720, 0.0000000000, 0.8000000000, 2.8461896500
         204, 0.00000000e+00, 0.00000000e+00, 0.00000000e+00, 0.00000000e+00, 0.00000000e+00, 0.00000000e+00, 0.00000000e+00, 0.00000000e+00, 0.00000000e+00, 0.00000000e+00, 0.00000000e+00, 0.00000000e+00, 0.00000000e+00, 0.00000000e+00, 0.00000000e+00, -3.07689089e+00, -5.36554940e-01, -9.25506809e-01, -6.07775754e-01, 2.43144633e+00, -6.9156965753, 0.0000000000, 0.8000000000, 2.8585456833
         205, 0.00000000e+00, 0.00000000e+00, 0.00000000e+00, 0.00000000e+00, 0.00000000e+00, 0.00000000e+00, 0.00000000e+00, 0.00000000e+00, 0.00000000e+00, 0.00000000e+00, 0.00000000e+00, 0.00000000e+00, 0.00000000e+00, 0.00000000e+00, 0.00000000e+00, -3.07166759e+00, -5.32492791e-01, -9.25024681e-01, -6.08813240e-01, 2.43756564e+00, -6.9043741756, 0.0000000000, 0.8000000000, 2.8689451000
         206, 0.00000000e+00, 0.00000000e+00, 0.00000000e+00, 0.00000000e+00, 0.00000000e+00, 0.00000000e+00, 0.00000000e+00, 0.00000000e+00, 0.00000000e+00, 0.00000000e+00, 0.00000000e+00, 0.00000000e+00, 0.00000000e+00, 0.00000000e+00, 0.00000000e+00, -3.06221859e+00, -5.25969031e-01, -9.25225476e-01, -6.08934173e-01, 2.44860845e+00, -6.8910914777, 0.0000000000, 0.8000000000, 2.8797800333
         207, 0.00000000e+00, 0.00000000e+00, 0.00000000e+00, 0.00000000e+00, 0.00000000e+00, 0.00000000e+00, 0.00000000e+00, 0.00000000e+00, 0.00000000e+00, 0.00000000e+00, 0.00000000e+00, 0.00000000e+00, 0.00000000e+00, 0.00000000e+00, 0.00000000e+00, -3.05140685e+00, -5.17748247e-01, -9.25061849e-01, -6.08425011e-01, 2.45994444e+00, -6.8775050541, 0.0000000000, 0.8000000000, 2.8916841000
         208, 0.00000000e+00, 0.00000000e+00, 0.00000000e+00, 0.00000000e+00, 0.00000000e+00, 0.00000000e+00, 0.00000000e+00, 0.00000000e+00, 0.00000000e+00, 0.00000000e+00, 0.00000000e+00, 0.00000000e+00, 0.00000000e+00, 0.00000000e+00, 0.00000000e+00, -3.04044693e+00, -5.08650763e-01, -9.25029732e-01, -6.04785877e-01, 2.47056834e+00, -6.8664836160, 0.0000000000, 0.8000000000, 2.9046891500
         209, 0.00000000e+00, 0.00000000e+00, 0.00000000e+00, 0.00000000e+00, 0.00000000e+00, 0.00000000e+00, 0.00000000e+00, 0.00000000e+00, 0.00000000e+00, 0.00000000e+00, 0.00000000e+00, 0.00000000e+00, 0.00000000e+00, 0.00000000e+00, 0.00000000e+00, -3.03012535e+00, -4.99363569e-01, -9.25028132e-01, -5.96905065e-01, 2.48070814e+00, -6.8582282134, 0.0000000000, 0.8000000000, 2.9201074167
         210, 0.00000000e+00, 0.00000000e+00, 0.00000000e+00, 0.00000000e+00, 0.00000000e+00, 0.00000000e+00, 0.00000000e+00, 0.00000000e+00, 0.00000000e+00, 0.00000000e+00, 0.00000000e+00, 0.00000000e+00, 0.00000000e+00, 0.00000000e+00, 0.00000000e+00, -3.02128924e+00, -4.90737047e-01, -9.23033582e-01, -5.87475527e-01, 2.48942256e+00, -6.8542253268, 0.0000000000, 0.8000000000, 2.9352380833
         211, 0.00000000e+00, 0.00000000e+00, 0.00000000e+00, 0.00000000e+00, 0.00000000e+00, 0.00000000e+00, 0.00000000e+00, 0.00000000e+00, 0.00000000e+00, 0.00000000e+00, 0.00000000e+00, 0.00000000e+00, 0.00000000e+00, 0.00000000e+00, 0.00000000e+00, -3.01313707e+00, -4.82216814e-01, -9.17748114e-01, -5.77763534e-01, 2.49694830e+00, -6.8520076008, 0.0000000000, 0.8000000000, 2.9491683500
         212, 0.00000000e+00, 0.00000000e+00, 0.00000000e+00, 0.00000000e+00, 0.00000000e+00, 0.00000000e+00, 0.00000000e+00, 0.00000000e+00, 0.00000000e+00, 0.00000000e+00, 0.00000000e+00, 0.00000000e+00, 0.00000000e+00, 0.00000000e+00, 0.00000000e+00, -3.00460463e+00, -4.72756070e-01, -9.10148511e-01, -5.66540434e-01, 2.50492064e+00, -6.8522451426, 0.0000000000, 0.8000000000, 2.9653556500
         213, 0.00000000e+00, 0.00000000e+00, 0.00000000e+00, 0.00000000e+00, 0.00000000e+00, 0.00000000e+00, 0.00000000e+00, 0.00000000e+00, 0.00000000e+00, 0.00000000e+00, 0.00000000e+00, 0.00000000e+00, 0.00000000e+00, 0.00000000e+00, 0.00000000e+00, -2.99597125e+00, -4.62997809e-01, -9.00301665e-01, -5.53392364e-01, 2.51392514e+00, -6.8525118825, 0.0000000000, 0.8000000000, 2.9798004000
         214, 0.00000000e+00, 0.00000000e+00, 0.00000000e+00, 0.00000000e+00, 0.00000000e+00, 0.00000000e+00, 0.00000000e+00, 0.00000000e+00, 0.00000000e+00, 0.00000000e+00, 0.00000000e+00, 0.00000000e+00, 0.00000000e+00, 0.00000000e+00, 0.00000000e+00, -2.98840742e+00, -4.54939177e-01, -8.88404829e-01, -5.40499830e-01, 2.52239259e+00, -6.8520845484, 0.0000000000, 0.8000000000, 2.9933177500
         215, 0.00000000e+00, 0.00000000e+00, 0.00000000e+00, 0.00000000e+00, 0.00000000e+00, 0.00000000e+00, 0.00000000e+00, 0.00000000e+00, 0.00000000e+00, 0.00000000e+00, 0.00000000e+00, 0.00000000e+00, 0.00000000e+00, 0.00000000e+00, 0.00000000e+00, -2.98233037e+00, -4.49543557e-01, -8.75829884e-01, -5.30694091e-01, 2.52916509e+00, -6.8504569699, 0.0000000000, 0.8000000000, 3.0060083833
         216, 0.00000000e+00, 0.00000000e+00, 0.00000000e+00, 0.00000000e+00, 0.00000000e+00, 0.00000000e+00, 0.00000000e+00, 0.00000000e+00, 0.00000000e+00, 0.00000000e+00, 0.00000000e+00, 0.00000000e+00, 0.00000000e+00, 0.00000000e+00, 0.00000000e+00, -2.97631147e+00, -4.45284018e-01, -8.62819166e-01, -5.23419595e-01, 2.53608884e+00, -6.8479897138, 0.0000000000, 0.8000000000, 3.0204255333
         217, 0.00000000e+00, 0.00000000e+00, 0.00000000e+00, 0.00000000e+00, 0.00000000e+00, 0.00000000e+00, 0.00000000e+00, 0.00000000e+00, 0.00000000e+00, 0.00000000e+00, 0.00000000e+00, 0.00000000e+00, 0.00000000e+00, 0.00000000e+00, 0.00000000e+00, -2.96875095e+00, -4.39910660e-01, -8.51177142e-01, -5.16030188e-01, 2.54531404e+00, -6.8439103209, 0.0000000000, 0.8000000000, 3.0359072667
         218, 0.00000000e+00, 0.00000000e+00, 0.00000000e+00, 0.00000000e+00, 0.00000000e+00, 0.00000000e+00, 0.00000000e+00, 0.00000000e+00, 0.00000000e+00, 0.00000000e+00, 0.00000000e+00, 0.00000000e+00, 0.00000000e+00, 0.00000000e+00, 0.00000000e+00, -2.95962815e+00, -4.32730056e-01, -8.42580753e-01, -5.06866402e-01, 2.55623261e+00, -6.8378902971, 0.0000000000, 0.8000000000, 3.0514700833
         219, 0.00000000e+00, 0.00000000e+00, 0.00000000e+00, 0.00000000e+00, 0.00000000e+00, 0.00000000e+00, 0.00000000e+00, 0.00000000e+00, 0.00000000e+00, 0.00000000e+00, 0.00000000e+00, 0.00000000e+00, 0.00000000e+00, 0.00000000e+00, 0.00000000e+00, -2.95033744e+00, -4.24500204e-01, -8.36259145e-01, -4.95447692e-01, 2.56688434e+00, -6.8317880507, 0.0000000000, 0.8000000000, 3.0662990500
         220, 0.00000000e+00, 0.00000000e+00, 0.00000000e+00, 0.00000000e+00, 0.00000000e+00, 0.00000000e+00, 0.00000000e+00, 0.00000000e+00, 0.00000000e+00, 0.00000000e+00, 0.00000000e+00, 0.00000000e+00, 0.00000000e+00, 0.00000000e+00, 0.00000000e+00, -2.94323909e+00, -4.17511170e-01, -8.28829163e-01, -4.84108243e-01, 2.57465027e+00, -6.8259414046, 0.0000000000, 0.8000000000, 3.0811148167
         221, 0.00000000e+00, 0.00000000e+00, 0.00000000e+00, 0.00000000e+00, 0.00000000e+00, 0.00000000e+00, 0.00000000e+00, 0.00000000e+00, 0.00000000e+00, 0.00000000e+00, 0.00000000e+00, 0.00000000e+00, 0.00000000e+00, 0.00000000e+00, 0.00000000e+00, -2.93956548e+00, -4.13487769e-01, -8.21049689e-01, -4.77411343e-01, 2.57781060e+00, -6.8193014861, 0.0000000000, 0.8000000000, 3.0944101667
         222, 0.00000000e+00, 0.00000000e+00, 0.00000000e+00, 0.00000000e+00, 0.00000000e+00, 0.00000000e+00, 0.00000000e+00, 0.00000000e+00, 0.00000000e+00, 0.00000000e+00, 0.00000000e+00, 0.00000000e+00, 0.00000000e+00, 0.00000000e+00, 0.00000000e+00, -2.93711892e+00, -4.10937063e-01, -8.16384793e-01, -4.76186421e-01, 2.57924768e+00, -6.8122853376, 0.0000000000, 0.8000000000, 3.1085937000
         223, 0.00000000e+00, 0.00000000e+00, 0.00000000e+00, 0.00000000e+00, 0.00000000e+00, 0.00000000e+00, 0.00000000e+00, 0.00000000e+00, 0.00000000e+00, 0.00000000e+00, 0.00000000e+00, 0.00000000e+00, 0.00000000e+00, 0.00000000e+00, 0.00000000e+00, -2.93364492e+00, -4.08043485e-01, -8.15625063e-01, -4.77917154e-01, 2.58224655e+00, -6.8036083033, 0.0000000000, 0.8000000000, 3.1213583167
         224, 0.00000000e+00, 0.00000000e+00, 0.00000000e+00, 0.00000000e+00, 0.00000000e+00, 0.00000000e+00, 0.00000000e+00, 0.00000000e+00, 0.00000000e+00, 0.00000000e+00, 0.00000000e+00, 0.00000000e+00, 0.00000000e+00, 0.00000000e+00, 0.00000000e+00, -2.92962864e+00, -4.05308928e-01, -8.15651898e-01, -4.80343030e-01, 2.58581095e+00, -6.7959917588, 0.0000000000, 0.8000000000, 3.1340481000
         225, 0.00000000e+00, 0.00000000e+00, 0.00000000e+00, 0.00000000e+00, 0.00000000e+00, 0.00000000e+00, 0.00000000e+00, 0.00000000e+00, 0.00000000e+00, 0.00000000e+00, 0.00000000e+00, 0.00000000e+00, 0.00000000e+00, 0.00000000e+00, 0.00000000e+00, -2.92630497e+00, -4.03763034e-01, -8.13370944e-01, -4.81206053e-01, 2.58845730e+00, -6.7886994619, 0.0000000000, 0.8000000000, 3.1463457333
         226, 0.00000000e+00, 0.00000000e+00, 0.00000000e+00, 0.00000000e+00, 0.00000000e+00, 0.00000000e+00, 0.00000000e+00, 0.00000000e+00, 0.00000000e+00, 0.00000000e+00, 0.00000000e+00, 0.00000000e+00, 0.00000000e+00, 0.00000000e+00, 0.00000000e+00, -2.92430595e+00, -4.03795931e-01, -8.08744127e-01, -4.78225482e-01, 2.59030413e+00, -6.7834186913, 0.0000000000, 0.8000000000, 3.1586754667
         227, 0.00000000e+00, 0.00000000e+00, 0.00000000e+00, 0.00000000e+00, 0.00000000e+00, 0.00000000e+00, 0.00000000e+00, 0.00000000e+00, 0.00000000e+00, 0.00000000e+00, 0.00000000e+00, 0.00000000e+00, 0.00000000e+00, 0.00000000e+00, 0.00000000e+00, -2.92542300e+00, -4.06654363e-01, -8.01512412e-01, -4.71165530e-01, 2.58986911e+00, -6.7797562540, 0.0000000000, 0.8000000000, 3.1710478833
         228, 0.00000000e+00, 0.00000000e+00, 0.00000000e+00, 0.00000000e+00, 0.00000000e+00, 0.00000000e+00, 0.00000000e+00, 0.00000000e+00, 0.00000000e+00, 0.00000000e+00, 0.00000000e+00, 0.00000000e+00, 0.00000000e+00, 0.00000000e+00, 0.00000000e+00, -2.93104483e+00, -4.12928186e-01, -7.89530107e-01, -4.61444885e-01, 2.58534935e+00, -6.7768581143, 0.0000000000, 0.8000000000, 3.1839942000
         229, 0.00000000e+00, 0.00000000e+00, 0.00000000e+00, 0.00000000e+00, 0.00000000e+00, 0.00000000e+00, 0.00000000e+00, 0.00000000e+00, 0.00000000e+00, 0.00000000e+00, 0.00000000e+00, 0.00000000e+00, 0.00000000e+00, 0.00000000e+00, 0.00000000e+00, -2.93970902e+00, -4.20716525e-01, -7.73722176e-01, -4.50947881e-01, 2.57791662e+00, -6.7734200716, 0.0000000000, 0.8000000000, 3.1974449000
         230, 0.00000000e+00, 0.00000000e+00, 0.00000000e+00, 0.00000000e+00, 0.00000000e+00, 0.00000000e+00, 0.00000000e+00, 0.00000000e+00, 0.00000000e+00, 0.00000000e+00, 0.00000000e+00, 0.00000000e+00, 0.00000000e+00, 0.00000000e+00, 0.00000000e+00, -2.94790685e+00, -4.26839162e-01, -7.58215652e-01, -4.41718185e-01, 2.57116578e+00, -6.7673446764, 0.0000000000, 0.8000000000, 3.2106878833
         231, 0.00000000e+00, 0.00000000e+00, 0.00000000e+00, 0.00000000e+00, 0.00000000e+00, 0.00000000e+00, 0.00000000e+00, 0.00000000e+00, 0.00000000e+00, 0.00000000e+00, 0.00000000e+00, 0.00000000e+00, 0.00000000e+00, 0.00000000e+00, 0.00000000e+00, -2.95110122e+00, -4.27456963e-01, -7.46763814e-01, -4.36566779e-01, 2.56905437e+00, -6.7575012480, 0.0000000000, 0.8000000000, 3.2252357667
         232, 0.00000000e+00, 0.00000000e+00, 0.00000000e+00, 0.00000000e+00, 0.00000000e+00, 0.00000000e+00, 0.00000000e+00, 0.00000000e+00, 0.00000000e+00, 0.00000000e+00, 0.00000000e+00, 0.00000000e+00, 0.00000000e+00, 0.00000000e+00, 0.00000000e+00, -2.94503523e+00, -4.19591468e-01, -7.42023865e-01, -4.38733887e-01, 2.57461138e+00, -6.7520351348, 0.0000000000, 0.8000000000, 3.2398610167
         233, 0.00000000e+00, 0.00000000e+00, 0.00000000e+00, 0.00000000e+00, 0.00000000e+00, 0.00000000e+00, 0.00000000e+00, 0.00000000e+00, 0.00000000e+00, 0.00000000e+00, 0.00000000e+00, 0.00000000e+00, 0.00000000e+00, 0.00000000e+00, 0.00000000e+00, -2.92841985e+00, -4.03355873e-01, -7.47062342e-01, -4.49344715e-01, 2.58905532e+00, -6.7472010341, 0.0000000000, 0.8000000000, 3.2573405000
         234, 0.00000000e+00, 0.00000000e+00, 0.00000000e+00, 0.00000000e+00, 0.00000000e+00, 0.00000000e+00, 0.00000000e+00, 0.00000000e+00, 0.00000000e+00, 0.00000000e+00, 0.00000000e+00, 0.00000000e+00, 0.00000000e+00, 0.00000000e+00, 0.00000000e+00, -2.90518136e+00, -3.82889995e-01, -7.63726044e-01, -4.65749360e-01, 2.60994296e+00, -6.7428068221, 0.0000000000, 0.8000000000, 3.2749962500
         235, 0.00000000e+00, 0.00000000e+00, 0.00000000e+00, 0.00000000e+00, 0.00000000e+00, 0.00000000e+00, 0.00000000e+00, 0.00000000e+00, 0.00000000e+00, 0.00000000e+00, 0.00000000e+00, 0.00000000e+00, 0.00000000e+00, 0.00000000e+00, 0.00000000e+00, -2.88230326e+00, -3.64406565e-01, -7.89976949e-01, -4.83047725e-01, 2.63124694e+00, -6.7406858742, 0.0000000000, 0.8000000000, 3.2912865500
         236, 0.00000000e+00, 0.00000000e+00, 0.00000000e+00, 0.00000000e+00, 0.00000000e+00, 0.00000000e+00, 0.00000000e+00, 0.00000000e+00, 0.00000000e+00, 0.00000000e+00, 0.00000000e+00, 0.00000000e+00, 0.00000000e+00, 0.00000000e+00, 0.00000000e+00, -2.86574680e+00, -3.53034261e-01, -8.18295526e-01, -4.95561942e-01, 2.64683909e+00, -6.7409929522, 0.0000000000, 0.8000000000, 3.3078253667
         237, 0.00000000e+00, 0.00000000e+00, 0.00000000e+00, 0.00000000e+00, 0.00000000e+00, 0.00000000e+00, 0.00000000e+00, 0.00000000e+00, 0.00000000e+00, 0.00000000e+00, 0.00000000e+00, 0.00000000e+00, 0.00000000e+00, 0.00000000e+00, 0.00000000e+00, -2.85893032e+00, -3.51512523e-01, -8.36589585e-01, -4.95645808e-01, 2.65348591e+00, -6.7442965173, 0.0000000000, 0.8000000000, 3.3238886333
         238, 0.00000000e+00, 0.00000000e+00, 0.00000000e+00, 0.00000000e+00, 0.00000000e+00, 0.00000000e+00, 0.00000000e+00, 0.00000000e+00, 0.00000000e+00, 0.00000000e+00, 0.00000000e+00, 0.00000000e+00, 0.00000000e+00, 0.00000000e+00, 0.00000000e+00, -2.86340888e+00, -3.60474537e-01, -8.32472757e-01, -4.77693724e-01, 2.65036849e+00, -6.7498208648, 0.0000000000, 0.8000000000, 3.3385101333
         239, 0.00000000e+00, 0.00000000e+00, 0.00000000e+00, 0.00000000e+00, 0.00000000e+00, 0.00000000e+00, 0.00000000e+00, 0.00000000e+00, 0.00000000e+00, 0.00000000e+00, 0.00000000e+00, 0.00000000e+00, 0.00000000e+00, 0.00000000e+00, 0.00000000e+00, -2.87928198e+00, -3.78499060e-01, -8.02628324e-01, -4.47125945e-01, 2.63716100e+00, -6.7561545290, 0.0000000000, 0.8000000000, 3.3533407000
         240, 0.00000000e+00, 0.00000000e+00, 0.00000000e+00, 0.00000000e+00, 0.00000000e+00, 0.00000000e+00, 0.00000000e+00, 0.00000000e+00, 0.00000000e+00, 0.00000000e+00, 0.00000000e+00, 0.00000000e+00, 0.00000000e+00, 0.00000000e+00, 0.00000000e+00, -2.90438458e+00, -4.01979961e-01, -7.57700157e-01, -4.15243259e-01, 2.61483978e+00, -6.7615362609, 0.0000000000, 0.8000000000, 3.3679912667
         241, 0.00000000e+00, 0.00000000e+00, 0.00000000e+00, 0.00000000e+00, 0.00000000e+00, 0.00000000e+00, 0.00000000e+00, 0.00000000e+00, 0.00000000e+00, 0.00000000e+00, 0.00000000e+00, 0.00000000e+00, 0.00000000e+00, 0.00000000e+00, 0.00000000e+00, -2.93185824e+00, -4.23808155e-01, -7.12773130e-01, -3.89371072e-01, 2.58964452e+00, -6.7646912515, 0.0000000000, 0.8000000000, 3.3844431000
         242, 0.00000000e+00, 0.00000000e+00, 0.00000000e+00, 0.00000000e+00, 0.00000000e+00, 0.00000000e+00, 0.00000000e+00, 0.00000000e+00, 0.00000000e+00, 0.00000000e+00, 0.00000000e+00, 0.00000000e+00, 0.00000000e+00, 0.00000000e+00, 0.00000000e+00, -2.95008793e+00, -4.35087298e-01, -6.78278589e-01, -3.72933436e-01, 2.57357517e+00, -6.7643658378, 0.0000000000, 0.8000000000, 3.3976091833
         243, 0.00000000e+00, 0.00000000e+00, 0.00000000e+00, 0.00000000e+00, 0.00000000e+00, 0.00000000e+00, 0.00000000e+00, 0.00000000e+00, 0.00000000e+00, 0.00000000e+00, 0.00000000e+00, 0.00000000e+00, 0.00000000e+00, 0.00000000e+00, 0.00000000e+00, -2.94875987e+00, -4.30147318e-01, -6.59150125e-01, -3.68854977e-01, 2.57640361e+00, -6.7584471577, 0.0000000000, 0.8000000000, 3.4105219667
         244, 0.00000000e+00, 0.00000000e+00, 0.00000000e+00, 0.00000000e+00, 0.00000000e+00, 0.00000000e+00, 0.00000000e+00, 0.00000000e+00, 0.00000000e+00, 0.00000000e+00, 0.00000000e+00, 0.00000000e+00, 0.00000000e+00, 0.00000000e+00, 0.00000000e+00, -2.92772054e+00, -4.09797346e-01, -6.56659223e-01, -3.78036341e-01, 2.59679642e+00, -6.7483841276, 0.0000000000, 0.8000000000, 3.4233933333
         245, 0.00000000e+00, 0.00000000e+00, 0.00000000e+00, 0.00000000e+00, 0.00000000e+00, 0.00000000e+00, 0.00000000e+00, 0.00000000e+00, 0.00000000e+00, 0.00000000e+00, 0.00000000e+00, 0.00000000e+00, 0.00000000e+00, 0.00000000e+00, 0.00000000e+00, -2.89819681e+00, -3.83649126e-01, -6.68197770e-01, -3.96287878e-01, 2.62454815e+00, -6.7379925103, 0.0000000000, 0.8000000000, 3.4357640833
         246, 0.00000000e+00, 0.00000000e+00, 0.00000000e+00, 0.00000000e+00, 0.00000000e+00, 0.00000000e+00, 0.00000000e+00, 0.00000000e+00, 0.00000000e+00, 0.00000000e+00, 0.00000000e+00, 0.00000000e+00, 0.00000000e+00, 0.00000000e+00, 0.00000000e+00, -2.86989274e+00, -3.60745598e-01, -6.89190594e-01, -4.17574257e-01, 2.65130059e+00, -6.7283518235, 0.0000000000, 0.8000000000, 3.4480305333
         247, 0.00000000e+00, 0.00000000e+00, 0.00000000e+00, 0.00000000e+00, 0.00000000e+00, 0.00000000e+00, 0.00000000e+00, 0.00000000e+00, 0.00000000e+00, 0.00000000e+00, 0.00000000e+00, 0.00000000e+00, 0.00000000e+00, 0.00000000e+00, 0.00000000e+00, -2.84674429e+00, -3.44678238e-01, -7.14212005e-01, -4.36368631e-01, 2.67366688e+00, -6.7195112169, 0.0000000000, 0.8000000000, 3.4605605167
         248, 0.00000000e+00, 0.00000000e+00, 0.00000000e+00, 0.00000000e+00, 0.00000000e+00, 0.00000000e+00, 0.00000000e+00, 0.00000000e+00, 0.00000000e+00, 0.00000000e+00, 0.00000000e+00, 0.00000000e+00, 0.00000000e+00, 0.00000000e+00, 0.00000000e+00, -2.82949756e+00, -3.34779178e-01, -7.37274395e-01, -4.47594626e-01, 2.69096898e+00, -6.7109794453, 0.0000000000, 0.8000000000, 3.4744767167
         249, 0.00000000e+00, 0.00000000e+00, 0.00000000e+00, 0.00000000e+00, 0.00000000e+00, 0.00000000e+00, 0.00000000e+00, 0.00000000e+00, 0.00000000e+00, 0.00000000e+00, 0.00000000e+00, 0.00000000e+00, 0.00000000e+00, 0.00000000e+00, 0.00000000e+00, -2.81843374e+00, -3.29521488e-01, -7.51130656e-01, -4.48153782e-01, 2.70266794e+00, -6.7018196483, 0.0000000000, 0.8000000000, 3.4900805167
         250, 0.00000000e+00, 0.00000000e+00, 0.00000000e+00, 0.00000000e+00, 0.00000000e+00, 0.00000000e+00, 0.00000000e+00, 0.00000000e+00, 0.00000000e+00, 0.00000000e+00, 0.00000000e+00, 0.00000000e+00, 0.00000000e+00, 0.00000000e+00, 0.00000000e+00, -2.81425858e+00, -3.28294486e-01, -7.49621148e-01, -4.39182140e-01, 2.70738319e+00, -6.6921107483, 0.0000000000, 0.8000000000, 3.5054161167
         251, 0.00000000e+00, 0.00000000e+00, 0.00000000e+00, 0.00000000e+00, 0.00000000e+00, 0.00000000e+00, 0.00000000e+00, 0.00000000e+00, 0.00000000e+00, 0.00000000e+00, 0.00000000e+00, 0.00000000e+00, 0.00000000e+00, 0.00000000e+00, 0.00000000e+00, -2.81812678e+00, -3.31952816e-01, -7.32191759e-01, -4.22750392e-01, 2.70364965e+00, -6.6819733757, 0.0000000000, 0.8000000000, 3.5181870167
         252, 0.00000000e+00, 0.00000000e+00, 0.00000000e+00, 0.00000000e+00, 0.00000000e+00, 0.00000000e+00, 0.00000000e+00, 0.00000000e+00, 0.00000000e+00, 0.00000000e+00, 0.00000000e+00, 0.00000000e+00, 0.00000000e+00, 0.00000000e+00, 0.00000000e+00, -2.83104467e+00, -3.41888284e-01, -7.03621386e-01, -4.00437902e-01, 2.69048310e+00, -6.6737768562, 0.0000000000, 0.8000000000, 3.5327114167
         253, 0.00000000e+00, 0.00000000e+00, 0.00000000e+00, 0.00000000e+00, 0.00000000e+00, 0.00000000e+00, 0.00000000e+00, 0.00000000e+00, 0.00000000e+00, 0.00000000e+00, 0.00000000e+00, 0.00000000e+00, 0.00000000e+00, 0.00000000e+00, 0.00000000e+00, -2.85232171e+00, -3.58001787e-01, -6.70637839e-01, -3.74249208e-01, 2.66863487e+00, -6.6736905301, 0.0000000000, 0.8000000000, 3.5469761167
         254, 0.00000000e+00, 0.00000000e+00, 0.00000000e+00, 0.00000000e+00, 0.00000000e+00, 0.00000000e+00, 0.00000000e+00, 0.00000000e+00, 0.00000000e+00, 0.00000000e+00, 0.00000000e+00, 0.00000000e+00, 0.00000000e+00, 0.00000000e+00, 0.00000000e+00, -2.87794599e+00, -3.77133993e-01, -6.40110331e-01, -3.47003092e-01, 2.64290901e+00, -6.6705692693, 0.0000000000, 0.8000000000, 3.5627332667
         255, 0.00000000e+00, 0.00000000e+00, 0.00000000e+00, 0.00000000e+00, 0.00000000e+00, 0.00000000e+00, 0.00000000e+00, 0.00000000e+00, 0.00000000e+00, 0.00000000e+00, 0.00000000e+00, 0.00000000e+00, 0.00000000e+00, 0.00000000e+00, 0.00000000e+00, -2.90008328e+00, -3.92684516e-01, -6.17382649e-01, -3.23680158e-01, 2.62243065e+00, -6.6629982104, 0.0000000000, 0.8000000000, 3.5789635167
         256, 0.00000000e+00, 0.00000000e+00, 0.00000000e+00, 0.00000000e+00, 0.00000000e+00, 0.00000000e+00, 0.00000000e+00, 0.00000000e+00, 0.00000000e+00, 0.00000000e+00, 0.00000000e+00, 0.00000000e+00, 0.00000000e+00, 0.00000000e+00, 0.00000000e+00, -2.90822424e+00, -3.96170062e-01, -6.05903216e-01, -3.09820475e-01, 2.61752097e+00, -6.6532398663, 0.0000000000, 0.8000000000, 3.5931115667
         257, 0.00000000e+00, 0.00000000e+00, 0.00000000e+00, 0.00000000e+00, 0.00000000e+00, 0.00000000e+00, 0.00000000e+00, 0.00000000e+00, 0.00000000e+00, 0.00000000e+00, 0.00000000e+00, 0.00000000e+00, 0.00000000e+00, 0.00000000e+00, 0.00000000e+00, -2.89539046e+00, -3.82923764e-01, -6.06282063e-01, -3.07851486e-01, 2.63258154e+00, -6.6440775665, 0.0000000000, 0.8000000000, 3.6066683333
         258, 0.00000000e+00, 0.00000000e+00, 0.00000000e+00, 0.00000000e+00, 0.00000000e+00, 0.00000000e+00, 0.00000000e+00, 0.00000000e+00, 0.00000000e+00, 0.00000000e+00, 0.00000000e+00, 0.00000000e+00, 0.00000000e+00, 0.00000000e+00, 0.00000000e+00, -2.86480008e+00, -3.56050983e-01, -6.17023692e-01, -3.16756139e-01, 2.66217730e+00, -6.6372136984, 0.0000000000, 0.8000000000, 3.6208118000
         259, 0.00000000e+00, 0.00000000e+00, 0.00000000e+00, 0.00000000e+00, 0.00000000e+00, 0.00000000e+00, 0.00000000e+00, 0.00000000e+00, 0.00000000e+00, 0.00000000e+00, 0.00000000e+00, 0.00000000e+00, 0.00000000e+00, 0.00000000e+00, 0.00000000e+00, -2.82510131e+00, -3.22029708e-01, -6.35553637e-01, -3.35025091e-01, 2.69844406e+00, -6.6340648845, 0.0000000000, 0.8000000000, 3.6361663500
         260, 0.00000000e+00, 0.00000000e+00, 0.00000000e+00, 0.00000000e+00, 0.00000000e+00, 0.00000000e+00, 0.00000000e+00, 0.00000000e+00, 0.00000000e+00, 0.00000000e+00, 0.00000000e+00, 0.00000000e+00, 0.00000000e+00, 0.00000000e+00, 0.00000000e+00, -2.78495465e+00, -2.87763212e-01, -6.59057588e-01, -3.63456650e-01, 2.73454395e+00, -6.6351279034, 0.0000000000, 0.8000000000, 3.6500242667
         261, 0.00000000e+00, 0.00000000e+00, 0.00000000e+00, 0.00000000e+00, 0.00000000e+00, 0.00000000e+00, 0.00000000e+00, 0.00000000e+00, 0.00000000e+00, 0.00000000e+00, 0.00000000e+00, 0.00000000e+00, 0.00000000e+00, 0.00000000e+00, 0.00000000e+00, -2.75151218e+00, -2.59903517e-01, -6.84116021e-01, -4.00290897e-01, 2.76522372e+00, -6.6395232516, 0.0000000000, 0.8000000000, 3.6633590333
         262, 0.00000000e+00, 0.00000000e+00, 0.00000000e+00, 0.00000000e+00, 0.00000000e+00, 0.00000000e+00, 0.00000000e+00, 0.00000000e+00, 0.00000000e+00, 0.00000000e+00, 0.00000000e+00, 0.00000000e+00, 0.00000000e+00, 0.00000000e+00, 0.00000000e+00, -2.73004532e+00, -2.43785932e-01, -7.05358785e-01, -4.30062728e-01, 2.78674661e+00, -6.6501569168, 0.0000000000, 0.8000000000, 3.6774344000
         263, 0.00000000e+00, 0.00000000e+00, 0.00000000e+00, 0.00000000e+00, 0.00000000e+00, 0.00000000e+00, 0.00000000e+00, 0.00000000e+00, 0.00000000e+00, 0.00000000e+00, 0.00000000e+00, 0.00000000e+00, 0.00000000e+00, 0.00000000e+00, 0.00000000e+00, -2.72491127e+00, -2.43981004e-01, -7.12881194e-01, -4.27447755e-01, 2.79455406e+00, -6.6626344392, 0.0000000000, 0.8000000000, 3.6907634333
         264, 0.00000000e+00, 0.00000000e+00, 0.00000000e+00, 0.00000000e+00, 0.00000000e+00, 0.00000000e+00, 0.00000000e+00, 0.00000000e+00, 0.00000000e+00, 0.00000000e+00, 0.00000000e+00, 0.00000000e+00, 0.00000000e+00, 0.00000000e+00, 0.00000000e+00, -2.73968754e+00, -2.63902799e-01, -6.96894961e-01, -3.85728071e-01, 2.78353781e+00, -6.6717363154, 0.0000000000, 0.8000000000, 3.7044668833
         265, 0.00000000e+00, 0.00000000e+00, 0.00000000e+00, 0.00000000e+00, 0.00000000e+00, 0.00000000e+00, 0.00000000e+00, 0.00000000e+00, 0.00000000e+00, 0.00000000e+00, 0.00000000e+00, 0.00000000e+00, 0.00000000e+00, 0.00000000e+00, 0.00000000e+00, -2.77525976e+00, -3.02741338e-01, -6.61147850e-01, -3.24387034e-01, 2.75192713e+00, -6.6728063515, 0.0000000000, 0.8000000000, 3.7183774167
         266, 0.00000000e+00, 0.00000000e+00, 0.00000000e+00, 0.00000000e+00, 0.00000000e+00, 0.00000000e+00, 0.00000000e+00, 0.00000000e+00, 0.00000000e+00, 0.00000000e+00, 0.00000000e+00, 0.00000000e+00, 0.00000000e+00, 0.00000000e+00, 0.00000000e+00, -2.82532087e+00, -3.48631467e-01, -6.21271585e-01, -2.65969817e-01, 2.70632474e+00, -6.6763448822, 0.0000000000, 0.8000000000, 3.7319408833
         267, 0.00000000e+00, 0.00000000e+00, 0.00000000e+00, 0.00000000e+00, 0.00000000e+00, 0.00000000e+00, 0.00000000e+00, 0.00000000e+00, 0.00000000e+00, 0.00000000e+00, 0.00000000e+00, 0.00000000e+00, 0.00000000e+00, 0.00000000e+00, 0.00000000e+00, -2.87197514e+00, -3.78879672e-01, -5.91059794e-01, -2.24086997e-01, 2.66532554e+00, -6.6783278303, 0.0000000000, 0.8000000000, 3.7445469333
         268, 0.00000000e+00, 0.00000000e+00, 0.00000000e+00, 0.00000000e+00, 0.00000000e+00, 0.00000000e+00, 0.00000000e+00, 0.00000000e+00, 0.00000000e+00, 0.00000000e+00, 0.00000000e+00, 0.00000000e+00, 0.00000000e+00, 0.00000000e+00, 0.00000000e+00, -2.88970368e+00, -3.77101135e-01, -5.76995521e-01, -2.04521249e-01, 2.65232043e+00, -6.6739285677, 0.0000000000, 0.8000000000, 3.7569805833
         269, 0.00000000e+00, 0.00000000e+00, 0.00000000e+00, 0.00000000e+00, 0.00000000e+00, 0.00000000e+00, 0.00000000e+00, 0.00000000e+00, 0.00000000e+00, 0.00000000e+00, 0.00000000e+00, 0.00000000e+00, 0.00000000e+00, 0.00000000e+00, 0.00000000e+00, -2.86712199e+00, -3.51187510e-01, -5.78740461e-01, -2.07616069e-01, 2.67410613e+00, -6.6624064619, 0.0000000000, 0.8000000000, 3.7693657000
         270, 0.00000000e+00, 0.00000000e+00, 0.00000000e+00, 0.00000000e+00, 0.00000000e+00, 0.00000000e+00, 0.00000000e+00, 0.00000000e+00, 0.00000000e+00, 0.00000000e+00, 0.00000000e+00, 0.00000000e+00, 0.00000000e+00, 0.00000000e+00, 0.00000000e+00, -2.81793582e+00, -3.11839415e-01, -5.92306953e-01, -2.30557927e-01, 2.71695523e+00, -6.6444619271, 0.0000000000, 0.8000000000, 3.7816911333
         271, 0.00000000e+00, 0.00000000e+00, 0.00000000e+00, 0.00000000e+00, 0.00000000e+00, 0.00000000e+00, 0.00000000e+00, 0.00000000e+00, 0.00000000e+00, 0.00000000e+00, 0.00000000e+00, 0.00000000e+00, 0.00000000e+00, 0.00000000e+00, 0.00000000e+00, -2.76520775e+00, -2.69577376e-01, -6.12638673e-01, -2.66462780e-01, 2.76283564e+00, -6.6242808476, 0.0000000000, 0.8000000000, 3.7939277500
         272, 0.00000000e+00, 0.00000000e+00, 0.00000000e+00, 0.00000000e+00, 0.00000000e+00, 0.00000000e+00, 0.00000000e+00, 0.00000000e+00, 0.00000000e+00, 0.00000000e+00, 0.00000000e+00, 0.00000000e+00, 0.00000000e+00, 0.00000000e+00, 0.00000000e+00, -2.72326610e+00, -2.36201287e-01, -6.35196830e-01, -3.09406043e-01, 2.79935533e+00, -6.6090441465, 0.0000000000, 0.8000000000, 3.8063115167
         273, 0.00000000e+00, 0.00000000e+00, 0.00000000e+00, 0.00000000e+00, 0.00000000e+00, 0.00000000e+00, 0.00000000e+00, 0.00000000e+00, 0.00000000e+00, 0.00000000e+00, 0.00000000e+00, 0.00000000e+00, 0.00000000e+00, 0.00000000e+00, 0.00000000e+00, -2.69538511e+00, -2.18189709e-01, -6.56169427e-01, -3.53151656e-01, 2.82395017e+00, -6.6014828840, 0.0000000000, 0.8000000000, 3.8183686000
         274, 0.00000000e+00, 0.00000000e+00, 0.00000000e+00, 0.00000000e+00, 0.00000000e+00, 0.00000000e+00, 0.00000000e+00, 0.00000000e+00, 0.00000000e+00, 0.00000000e+00, 0.00000000e+00, 0.00000000e+00, 0.00000000e+00, 0.00000000e+00, 0.00000000e+00, -2.68061517e+00, -2.15923846e-01, -6.73251732e-01, -3.77855385e-01, 2.83940367e+00, -6.5998724104, 0.0000000000, 0.8000000000, 3.8304251500
         275, 0.00000000e+00, 0.00000000e+00, 0.00000000e+00, 0.00000000e+00, 0.00000000e+00, 0.00000000e+00, 0.00000000e+00, 0.00000000e+00, 0.00000000e+00, 0.00000000e+00, 0.00000000e+00, 0.00000000e+00, 0.00000000e+00, 0.00000000e+00, 0.00000000e+00, -2.67883964e+00, -2.27288454e-01, -6.84864401e-01, -3.59219001e-01, 2.84601140e+00, -6.6020197938, 0.0000000000, 0.8000000000, 3.8426861500
         276, 0.00000000e+00, 0.00000000e+00, 0.00000000e+00, 0.00000000e+00, 0.00000000e+00, 0.00000000e+00, 0.00000000e+00, 0.00000000e+00, 0.00000000e+00, 0.00000000e+00, 0.00000000e+00, 0.00000000e+00, 0.00000000e+00, 0.00000000e+00, 0.00000000e+00, -2.69149942e+00, -2.50201478e-01, -6.85427786e-01, -3.05740856e-01, 2.83927045e+00, -6.6076358317, 0.0000000000, 0.8000000000, 3.8550198500
         277, 0.00000000e+00, 0.00000000e+00, 0.00000000e+00, 0.00000000e+00, 0.00000000e+00, 0.00000000e+00, 0.00000000e+00, 0.00000000e+00, 0.00000000e+00, 0.00000000e+00, 0.00000000e+00, 0.00000000e+00, 0.00000000e+00, 0.00000000e+00, 0.00000000e+00, -2.72002520e+00, -2.82478407e-01, -6.68115549e-01, -2.47506371e-01, 2.81390601e+00, -6.6157527168, 0.0000000000, 0.8000000000, 3.8670749667
         278, 0.00000000e+00, 0.00000000e+00, 0.00000000e+00, 0.00000000e+00, 0.00000000e+00, 0.00000000e+00, 0.00000000e+00, 0.00000000e+00, 0.00000000e+00, 0.00000000e+00, 0.00000000e+00, 0.00000000e+00, 0.00000000e+00, 0.00000000e+00, 0.00000000e+00, -2.76187333e+00, -3.18677085e-01, -6.36586634e-01, -2.02298682e-01, 2.77107538e+00, -6.6229897767, 0.0000000000, 0.8000000000, 3.8791654000
         279, 0.00000000e+00, 0.00000000e+00, 0.00000000e+00, 0.00000000e+00, 0.00000000e+00, 0.00000000e+00, 0.00000000e+00, 0.00000000e+00, 0.00000000e+00, 0.00000000e+00, 0.00000000e+00, 0.00000000e+00, 0.00000000e+00, 0.00000000e+00, 0.00000000e+00, -2.80529963e+00, -3.46693105e-01, -6.02781487e-01, -1.73871385e-01, 2.72490325e+00, -6.6266342195, 0.0000000000, 0.8000000000, 3.8913209667
         280, 0.00000000e+00, 0.00000000e+00, 0.00000000e+00, 0.00000000e+00, 0.00000000e+00, 0.00000000e+00, 0.00000000e+00, 0.00000000e+00, 0.00000000e+00, 0.00000000e+00, 0.00000000e+00, 0.00000000e+00, 0.00000000e+00, 0.00000000e+00, 0.00000000e+00, -2.82964941e+00, -3.54561845e-01, -5.75537132e-01, -1.61950979e-01, 2.69863632e+00, -6.6306768730, 0.0000000000, 0.8000000000, 3.9035431500
         281, 0.00000000e+00, 0.00000000e+00, 0.00000000e+00, 0.00000000e+00, 0.00000000e+00, 0.00000000e+00, 0.00000000e+00, 0.00000000e+00, 0.00000000e+00, 0.00000000e+00, 0.00000000e+00, 0.00000000e+00, 0.00000000e+00, 0.00000000e+00, 0.00000000e+00, -2.81813070e+00, -3.36358782e-01, -5.57366376e-01, -1.67363182e-01, 2.70621847e+00, -6.6210302465, 0.0000000000, 0.8000000000, 3.9181054167
         282, 0.00000000e+00, 0.00000000e+00, 0.00000000e+00, 0.00000000e+00, 0.00000000e+00, 0.00000000e+00, 0.00000000e+00, 0.00000000e+00, 0.00000000e+00, 0.00000000e+00, 0.00000000e+00, 0.00000000e+00, 0.00000000e+00, 0.00000000e+00, 0.00000000e+00, -2.77551376e+00, -2.98148435e-01, -5.49501572e-01, -1.84235360e-01, 2.74401021e+00, -6.5983051138, 0.0000000000, 0.8000000000, 3.9314869667
         283, 0.00000000e+00, 0.00000000e+00, 0.00000000e+00, 0.00000000e+00, 0.00000000e+00, 0.00000000e+00, 0.00000000e+00, 0.00000000e+00, 0.00000000e+00, 0.00000000e+00, 0.00000000e+00, 0.00000000e+00, 0.00000000e+00, 0.00000000e+00, 0.00000000e+00, -2.72437506e+00, -2.55294682e-01, -5.51916678e-01, -2.06094819e-01, 2.79103728e+00, -6.5717405353, 0.0000000000, 0.8000000000, 3.9467838500
         284, 0.00000000e+00, 0.00000000e+00, 0.00000000e+00, 0.00000000e+00, 0.00000000e+00, 0.00000000e+00, 0.00000000e+00, 0.00000000e+00, 0.00000000e+00, 0.00000000e+00, 0.00000000e+00, 0.00000000e+00, 0.00000000e+00, 0.00000000e+00, 0.00000000e+00, -2.67976183e+00, -2.18494736e-01, -5.62518951e-01, -2.31265570e-01, 2.83028540e+00, -6.5521041397, 0.0000000000, 0.8000000000, 3.9620445333
         285, 0.00000000e+00, 0.00000000e+00, 0.00000000e+00, 0.00000000e+00, 0.00000000e+00, 0.00000000e+00, 0.00000000e+00, 0.00000000e+00, 0.00000000e+00, 0.00000000e+00, 0.00000000e+00, 0.00000000e+00, 0.00000000e+00, 0.00000000e+00, 0.00000000e+00, -2.64492935e+00, -1.91770049e-01, -5.75648033e-01, -2.47607802e-01, 2.86189189e+00, -6.5443647197, 0.0000000000, 0.8000000000, 3.9740704167
         286, 0.00000000e+00, 0.00000000e+00, 0.00000000e+00, 0.00000000e+00, 0.00000000e+00, 0.00000000e+00, 0.00000000e+00, 0.00000000e+00, 0.00000000e+00, 0.00000000e+00, 0.00000000e+00, 0.00000000e+00, 0.00000000e+00, 0.00000000e+00, 0.00000000e+00, -2.62372008e+00, -1.79808641e-01, -5.85480510e-01, -2.49678008e-01, 2.88349802e+00, -6.5490516315, 0.0000000000, 0.8000000000, 3.9848619667
         287, 0.00000000e+00, 0.00000000e+00, 0.00000000e+00, 0.00000000e+00, 0.00000000e+00, 0.00000000e+00, 0.00000000e+00, 0.00000000e+00, 0.00000000e+00, 0.00000000e+00, 0.00000000e+00, 0.00000000e+00, 0.00000000e+00, 0.00000000e+00, 0.00000000e+00, -2.61718271e+00, -1.85021807e-01, -5.88078582e-01, -2.33385053e-01, 2.89413131e+00, -6.5661112702, 0.0000000000, 0.8000000000, 3.9957048667
         288, 0.00000000e+00, 0.00000000e+00, 0.00000000e+00, 0.00000000e+00, 0.00000000e+00, 0.00000000e+00, 0.00000000e+00, 0.00000000e+00, 0.00000000e+00, 0.00000000e+00, 0.00000000e+00, 0.00000000e+00, 0.00000000e+00, 0.00000000e+00, 0.00000000e+00, -2.62516455e+00, -2.06777446e-01, -5.78504050e-01, -1.97625527e-01, 2.89378324e+00, -6.5889281543, 0.0000000000, 0.8000000000, 4.0065529167
         289, 0.00000000e+00, 0.00000000e+00, 0.00000000e+00, 0.00000000e+00, 0.00000000e+00, 0.00000000e+00, 0.00000000e+00, 0.00000000e+00, 0.00000000e+00, 0.00000000e+00, 0.00000000e+00, 0.00000000e+00, 0.00000000e+00, 0.00000000e+00, 0.00000000e+00, -2.64876536e+00, -2.41979393e-01, -5.57029808e-01, -1.54322864e-01, 2.87904657e+00, -6.6090060074, 0.0000000000, 0.8000000000, 4.0203470167
         290, 0.00000000e+00, 0.00000000e+00, 0.00000000e+00, 0.00000000e+00, 0.00000000e+00, 0.00000000e+00, 0.00000000e+00, 0.00000000e+00, 0.00000000e+00, 0.00000000e+00, 0.00000000e+00, 0.00000000e+00, 0.00000000e+00, 0.00000000e+00, 0.00000000e+00, -2.68634114e+00, -2.81596088e-01, -5.28199060e-01, -1.12138237e-01, 2.84949322e+00, -6.6166024478, 0.0000000000, 0.8000000000, 4.0338373000
         291, 0.00000000e+00, 0.00000000e+00, 0.00000000e+00, 0.00000000e+00, 0.00000000e+00, 0.00000000e+00, 0.00000000e+00, 0.00000000e+00, 0.00000000e+00, 0.00000000e+00, 0.00000000e+00, 0.00000000e+00, 0.00000000e+00, 0.00000000e+00, 0.00000000e+00, -2.72132684e+00, -3.02647425e-01, -5.00586030e-01, -7.74410013e-02, 2.81792600e+00, -6.6133087865, 0.0000000000, 0.8000000000, 4.0503280000
         292, 0.00000000e+00, 0.00000000e+00, 0.00000000e+00, 0.00000000e+00, 0.00000000e+00, 0.00000000e+00, 0.00000000e+00, 0.00000000e+00, 0.00000000e+00, 0.00000000e+00, 0.00000000e+00, 0.00000000e+00, 0.00000000e+00, 0.00000000e+00, 0.00000000e+00, -2.72438817e+00, -2.89040995e-01, -4.85145645e-01, -6.04048154e-02, 2.81090276e+00, -6.6093407669, 0.0000000000, 0.8000000000, 4.0667675000
         293, 0.00000000e+00, 0.00000000e+00, 0.00000000e+00, 0.00000000e+00, 0.00000000e+00, 0.00000000e+00, 0.00000000e+00, 0.00000000e+00, 0.00000000e+00, 0.00000000e+00, 0.00000000e+00, 0.00000000e+00, 0.00000000e+00, 0.00000000e+00, 0.00000000e+00, -2.68691620e+00, -2.52882897e-01, -4.86365413e-01, -6.67465956e-02, 2.84841023e+00, -6.5911933700, 0.0000000000, 0.8000000000, 4.0795795833
         294, 0.00000000e+00, 0.00000000e+00, 0.00000000e+00, 0.00000000e+00, 0.00000000e+00, 0.00000000e+00, 0.00000000e+00, 0.00000000e+00, 0.00000000e+00, 0.00000000e+00, 0.00000000e+00, 0.00000000e+00, 0.00000000e+00, 0.00000000e+00, 0.00000000e+00, -2.63123082e+00, -2.05366482e-01, -5.04512791e-01, -9.98399689e-02, 2.90342672e+00, -6.5684766607, 0.0000000000, 0.8000000000, 4.0919528667
         295, 0.00000000e+00, 0.00000000e+00, 0.00000000e+00, 0.00000000e+00, 0.00000000e+00, 0.00000000e+00, 0.00000000e+00, 0.00000000e+00, 0.00000000e+00, 0.00000000e+00, 0.00000000e+00, 0.00000000e+00, 0.00000000e+00, 0.00000000e+00, 0.00000000e+00, -2.59574112e+00, -1.71819122e-01, -5.29728086e-01, -1.40330963e-01, 2.93699409e+00, -6.5532511931, 0.0000000000, 0.8000000000, 4.1044077500
         296, 0.00000000e+00, 0.00000000e+00, 0.00000000e+00, 0.00000000e+00, 0.00000000e+00, 0.00000000e+00, 0.00000000e+00, 0.00000000e+00, 0.00000000e+00, 0.00000000e+00, 0.00000000e+00, 0.00000000e+00, 0.00000000e+00, 0.00000000e+00, 0.00000000e+00, -2.58563975e+00, -1.65681040e-01, -5.43840802e-01, -1.48939563e-01, 2.94854970e+00, -6.5498287181, 0.0000000000, 0.8000000000, 4.1177352000
         297, 0.00000000e+00, 0.00000000e+00, 0.00000000e+00, 0.00000000e+00, 0.00000000e+00, 0.00000000e+00, 0.00000000e+00, 0.00000000e+00, 0.00000000e+00, 0.00000000e+00, 0.00000000e+00, 0.00000000e+00, 0.00000000e+00, 0.00000000e+00, 0.00000000e+00, -2.59971318e+00, -1.88898767e-01, -5.38035390e-01, -1.40706561e-01, 2.93244105e+00, -6.5570623811, 0.0000000000, 0.8000000000, 4.1316857833
         298, 0.00000000e+00, 0.00000000e+00, 0.00000000e+00, 0.00000000e+00, 0.00000000e+00, 0.00000000e+00, 0.00000000e+00, 0.00000000e+00, 0.00000000e+00, 0.00000000e+00, 0.00000000e+00, 0.00000000e+00, 0.00000000e+00, 0.00000000e+00, 0.00000000e+00, -2.62176144e+00, -2.27806260e-01, -5.21729693e-01, -1.03834783e-01, 2.91968496e+00, -6.5644065266, 0.0000000000, 0.8000000000, 4.1464650167
         299, 0.00000000e+00, 0.00000000e+00, 0.00000000e+00, 0.00000000e+00, 0.00000000e+00, 0.00000000e+00, 0.00000000e+00, 0.00000000e+00, 0.00000000e+00, 0.00000000e+00, 0.00000000e+00, 0.00000000e+00, 0.00000000e+00, 0.00000000e+00, 0.00000000e+00, -2.63819149e+00, -2.61579052e-01, -5.10686278e-01, -6.86793717e-02, 2.91473832e+00, -6.5700431140, 0.0000000000, 0.8000000000, 4.1607271167
         300, 0.00000000e+00, 0.00000000e+00, 0.00000000e+00, 0.00000000e+00, 0.00000000e+00, 0.00000000e+00, 0.00000000e+00, 0.00000000e+00, 0.00000000e+00, 0.00000000e+00, 0.00000000e+00, 0.00000000e+00, 0.00000000e+00, 0.00000000e+00, 0.00000000e+00, -2.64820941e+00, -2.77184856e-01, -5.11983233e-01, -4.94293110e-02, 2.91336447e+00, -6.5697824070, 0.0000000000, 0.8000000000, 4.1748812833
         301, 0.00000000e+00, 0.00000000e+00, 0.00000000e+00, 0.00000000e+00, 0.00000000e+00, 0.00000000e+00, 0.00000000e+00, 0.00000000e+00, 0.00000000e+00, 0.00000000e+00, 0.00000000e+00, 0.00000000e+00, 0.00000000e+00, 0.00000000e+00, 0.00000000e+00, -2.64946375e+00, -2.74225660e-01, -5.20622210e-01, -3.49174253e-02, 2.92030342e+00, -6.5661628112, 0.0000000000, 0.8000000000, 4.1877943167
         302, 0.00000000e+00, 0.00000000e+00, 0.00000000e+00, 0.00000000e+00, 0.00000000e+00, 0.00000000e+00, 0.00000000e+00, 0.00000000e+00, 0.00000000e+00, 0.00000000e+00, 0.00000000e+00, 0.00000000e+00, 0.00000000e+00, 0.00000000e+00, 0.00000000e+00, -2.64700112e+00, -2.61843357e-01, -5.28235661e-01, -3.63894858e-02, 2.92002820e+00, -6.5606248830, 0.0000000000, 0.8000000000, 4.2037045500
         303, 0.00000000e+00, 0.00000000e+00, 0.00000000e+00, 0.00000000e+00, 0.00000000e+00, 0.00000000e+00, 0.00000000e+00, 0.00000000e+00, 0.00000000e+00, 0.00000000e+00, 0.00000000e+00, 0.00000000e+00, 0.00000000e+00, 0.00000000e+00, 0.00000000e+00, -2.64068975e+00, -2.44742678e-01, -5.32658179e-01, -3.65176611e-02, 2.92835288e+00, -6.5587865809, 0.0000000000, 0.8000000000, 4.2214499000
         304, 0.00000000e+00, 0.00000000e+00, 0.00000000e+00, 0.00000000e+00, 0.00000000e+00, 0.00000000e+00, 0.00000000e+00, 0.00000000e+00, 0.00000000e+00, 0.00000000e+00, 0.00000000e+00, 0.00000000e+00, 0.00000000e+00, 0.00000000e+00, 0.00000000e+00, -2.63570725e+00, -2.29831299e-01, -5.31669172e-01, -6.05805295e-02, 2.92033398e+00, -6.5618520582, 0.0000000000, 0.8000000000, 4.2387918167
         305, 0.00000000e+00, 0.00000000e+00, 0.00000000e+00, 0.00000000e+00, 0.00000000e+00, 0.00000000e+00, 0.00000000e+00, 0.00000000e+00, 0.00000000e+00, 0.00000000e+00, 0.00000000e+00, 0.00000000e+00, 0.00000000e+00, 0.00000000e+00, 0.00000000e+00, -2.63512623e+00, -2.19398187e-01, -5.23638457e-01, -1.02464055e-01, 2.89889830e+00, -6.5589955699, 0.0000000000, 0.8000000000, 4.2534378000
         306, 0.00000000e+00, 0.00000000e+00, 0.00000000e+00, 0.00000000e+00, 0.00000000e+00, 0.00000000e+00, 0.00000000e+00, 0.00000000e+00, 0.00000000e+00, 0.00000000e+00, 0.00000000e+00, 0.00000000e+00, 0.00000000e+00, 0.00000000e+00, 0.00000000e+00, -2.63140395e+00, -2.09562676e-01, -5.11680756e-01, -1.29254906e-01, 2.88886124e+00, -6.5465992409, 0.0000000000, 0.8000000000, 4.2673849500
         307, 0.00000000e+00, 0.00000000e+00, 0.00000000e+00, 0.00000000e+00, 0.00000000e+00, 0.00000000e+00, 0.00000000e+00, 0.00000000e+00, 0.00000000e+00, 0.00000000e+00, 0.00000000e+00, 0.00000000e+00, 0.00000000e+00, 0.00000000e+00, 0.00000000e+00, -2.62143099e+00, -1.99904694e-01, -5.00925099e-01, -1.27465672e-01, 2.89831895e+00, -6.5320021954, 0.0000000000, 0.8000000000, 4.2816319500
         308, 0.00000000e+00, 0.00000000e+00, 0.00000000e+00, 0.00000000e+00, 0.00000000e+00, 0.00000000e+00, 0.00000000e+00, 0.00000000e+00, 0.00000000e+00, 0.00000000e+00, 0.00000000e+00, 0.00000000e+00, 0.00000000e+00, 0.00000000e+00, 0.00000000e+00, -2.61376469e+00, -1.95198064e-01, -4.93775943e-01, -1.21417034e-01, 2.90627439e+00, -6.5200311279, 0.0000000000, 0.8000000000, 4.2962376667
         309, 0.00000000e+00, 0.00000000e+00, 0.00000000e+00, 0.00000000e+00, 0.00000000e+00, 0.00000000e+00, 0.00000000e+00, 0.00000000e+00, 0.00000000e+00, 0.00000000e+00, 0.00000000e+00, 0.00000000e+00, 0.00000000e+00, 0.00000000e+00, 0.00000000e+00, -2.61306988e+00, -1.96990086e-01, -4.88928247e-01, -1.15622522e-01, 2.90566115e+00, -6.5138433257, 0.0000000000, 0.8000000000, 4.3100818833
         310, 0.00000000e+00, 0.00000000e+00, 0.00000000e+00, 0.00000000e+00, 0.00000000e+00, 0.00000000e+00, 0.00000000e+00, 0.00000000e+00, 0.00000000e+00, 0.00000000e+00, 0.00000000e+00, 0.00000000e+00, 0.00000000e+00, 0.00000000e+00, 0.00000000e+00, -2.61671111e+00, -2.02235854e-01, -4.85223235e-01, -1.02669288e-01, 2.90314810e+00, -6.5122120659, 0.0000000000, 0.8000000000, 4.3266926667
         311, 0.00000000e+00, 0.00000000e+00, 0.00000000e+00, 0.00000000e+00, 0.00000000e+00, 0.00000000e+00, 0.00000000e+00, 0.00000000e+00, 0.00000000e+00, 0.00000000e+00, 0.00000000e+00, 0.00000000e+00, 0.00000000e+00, 0.00000000e+00, 0.00000000e+00, -2.62165026e+00, -2.07015383e-01, -4.83801053e-01, -8.36094617e-02, 2.90143286e+00, -6.5153661085, 0.0000000000, 0.8000000000, 4.3407848500
         312, 0.00000000e+00, 0.00000000e+00, 0.00000000e+00, 0.00000000e+00, 0.00000000e+00, 0.00000000e+00, 0.00000000e+00, 0.00000000e+00, 0.00000000e+00, 0.00000000e+00, 0.00000000e+00, 0.00000000e+00, 0.00000000e+00, 0.00000000e+00, 0.00000000e+00, -2.62420005e+00, -2.07822196e-01, -4.86202457e-01, -6.65407307e-02, 2.89964085e+00, -6.5221842545, 0.0000000000, 0.8000000000, 4.3558098333
         313, 0.00000000e+00, 0.00000000e+00, 0.00000000e+00, 0.00000000e+00, 0.00000000e+00, 0.00000000e+00, 0.00000000e+00, 0.00000000e+00, 0.00000000e+00, 0.00000000e+00, 0.00000000e+00, 0.00000000e+00, 0.00000000e+00, 0.00000000e+00, 0.00000000e+00, -2.62103245e+00, -2.03293367e-01, -4.93136673e-01, -5.39081587e-02, 2.90046776e+00, -6.5313966773, 0.0000000000, 0.8000000000, 4.3700833000
         314, 0.00000000e+00, 0.00000000e+00, 0.00000000e+00, 0.00000000e+00, 0.00000000e+00, 0.00000000e+00, 0.00000000e+00, 0.00000000e+00, 0.00000000e+00, 0.00000000e+00, 0.00000000e+00, 0.00000000e+00, 0.00000000e+00, 0.00000000e+00, 0.00000000e+00, -2.61010407e+00, -1.93759037e-01, -5.01337688e-01, -4.20824997e-02, 2.90881449e+00, -6.5397970268, 0.0000000000, 0.8000000000, 4.3845267333
         315, 0.00000000e+00, 0.00000000e+00, 0.00000000e+00, 0.00000000e+00, 0.00000000e+00, 0.00000000e+00, 0.00000000e+00, 0.00000000e+00, 0.00000000e+00, 0.00000000e+00, 0.00000000e+00, 0.00000000e+00, 0.00000000e+00, 0.00000000e+00, 0.00000000e+00, -2.59475881e+00, -1.79806618e-01, -5.03891031e-01, -3.23089488e-02, 2.92393414e+00, -6.5445405041, 0.0000000000, 0.8000000000, 4.3973840667
         316, 0.00000000e+00, 0.00000000e+00, 0.00000000e+00, 0.00000000e+00, 0.00000000e+00, 0.00000000e+00, 0.00000000e+00, 0.00000000e+00, 0.00000000e+00, 0.00000000e+00, 0.00000000e+00, 0.00000000e+00, 0.00000000e+00, 0.00000000e+00, 0.00000000e+00, -2.57834393e+00, -1.62976257e-01, -4.96022484e-01, -2.25370339e-02, 2.94281987e+00, -6.5409910914, 0.0000000000, 0.8000000000, 4.4101322667
         317, 0.00000000e+00, 0.00000000e+00, 0.00000000e+00, 0.00000000e+00, 0.00000000e+00, 0.00000000e+00, 0.00000000e+00, 0.00000000e+00, 0.00000000e+00, 0.00000000e+00, 0.00000000e+00, 0.00000000e+00, 0.00000000e+00, 0.00000000e+00, 0.00000000e+00, -2.56531288e+00, -1.48819444e-01, -4.80902516e-01, -1.66082449e-02, 2.95693505e+00, -6.5259213269, 0.0000000000, 0.8000000000, 4.4232034000
         318, 0.00000000e+00, 0.00000000e+00, 0.00000000e+00, 0.00000000e+00, 0.00000000e+00, 0.00000000e+00, 0.00000000e+00, 0.00000000e+00, 0.00000000e+00, 0.00000000e+00, 0.00000000e+00, 0.00000000e+00, 0.00000000e+00, 0.00000000e+00, 0.00000000e+00, -2.54806366e+00, -1.32891878e-01, -4.66519121e-01, -3.02911177e-03, 2.97578700e+00, -6.5045951320, 0.0000000000, 0.8000000000, 4.4381749500
         319, 0.00000000e+00, 0.00000000e+00, 0.00000000e+00, 0.00000000e+00, 0.00000000e+00, 0.00000000e+00, 0.00000000e+00, 0.00000000e+00, 0.00000000e+00, 0.00000000e+00, 0.00000000e+00, 0.00000000e+00, 0.00000000e+00, 0.00000000e+00, 0.00000000e+00, -2.53138604e+00, -1.18215621e-01, -4.58611524e-01, 2.17976378e-02, 2.99693847e+00, -6.4834838595, 0.0000000000, 0.8000000000, 4.4527016333
         320, 0.00000000e+00, 0.00000000e+00, 0.00000000e+00, 0.00000000e+00, 0.00000000e+00, 0.00000000e+00, 0.00000000e+00, 0.00000000e+00, 0.00000000e+00, 0.00000000e+00, 0.00000000e+00, 0.00000000e+00, 0.00000000e+00, 0.00000000e+00, 0.00000000e+00, -2.51641376e+00, -1.07550949e-01, -4.58607645e-01, 3.80527745e-02, 3.01064093e+00, -6.4648122073, 0.0000000000, 0.8000000000, 4.4672977000
         321, 0.00000000e+00, 0.00000000e+00, 0.00000000e+00, 0.00000000e+00, 0.00000000e+00, 0.00000000e+00, 0.00000000e+00, 0.00000000e+00, 0.00000000e+00, 0.00000000e+00, 0.00000000e+00, 0.00000000e+00, 0.00000000e+00, 0.00000000e+00, 0.00000000e+00, -2.50418860e+00, -1.00743007e-01, -4.61339961e-01, 5.70129736e-02, 3.02166318e+00, -6.4492493715, 0.0000000000, 0.8000000000, 4.4840358500
         322, 0.00000000e+00, 0.00000000e+00, 0.00000000e+00, 0.00000000e+00, 0.00000000e+00, 0.00000000e+00, 0.00000000e+00, 0.00000000e+00, 0.00000000e+00, 0.00000000e+00, 0.00000000e+00, 0.00000000e+00, 0.00000000e+00, 0.00000000e+00, 0.00000000e+00, -2.48837062e+00, -9.43926116e-02, -4.62516407e-01, 1.18574216e-01, 3.04300849e+00, -6.4399835681, 0.0000000000, 0.8000000000, 4.5000046000
         323, 0.00000000e+00, 0.00000000e+00, 0.00000000e+00, 0.00000000e+00, 0.00000000e+00, 0.00000000e+00, 0.00000000e+00, 0.00000000e+00, 0.00000000e+00, 0.00000000e+00, 0.00000000e+00, 0.00000000e+00, 0.00000000e+00, 0.00000000e+00, 0.00000000e+00, -2.49619468e+00, -1.03565198e-01, -4.52376265e-01, 1.18511642e-01, 3.03039505e+00, -6.4410863113, 0.0000000000, 0.8000000000, 4.5166669833
         324, 0.00000000e+00, 0.00000000e+00, 0.00000000e+00, 0.00000000e+00, 0.00000000e+00, 0.00000000e+00, 0.00000000e+00, 0.00000000e+00, 0.00000000e+00, 0.00000000e+00, 0.00000000e+00, 0.00000000e+00, 0.00000000e+00, 0.00000000e+00, 0.00000000e+00, -2.50444272e+00, -1.16862797e-01, -4.26384448e-01, 1.31484354e-01, 3.02321194e+00, -6.4487330368, 0.0000000000, 0.8000000000, 4.5312200667
         325, 0.00000000e+00, 0.00000000e+00, 0.00000000e+00, 0.00000000e+00, 0.00000000e+00, 0.00000000e+00, 0.00000000e+00, 0.00000000e+00, 0.00000000e+00, 0.00000000e+00, 0.00000000e+00, 0.00000000e+00, 0.00000000e+00, 0.00000000e+00, 0.00000000e+00, -2.49603601e+00, -1.20555423e-01, -3.99488406e-01, 1.78432560e-01, 3.03702667e+00, -6.4494268797, 0.0000000000, 0.8000000000, 4.5465978333
         326, 0.00000000e+00, 0.00000000e+00, 0.00000000e+00, 0.00000000e+00, 0.00000000e+00, 0.00000000e+00, 0.00000000e+00, 0.00000000e+00, 0.00000000e+00, 0.00000000e+00, 0.00000000e+00, 0.00000000e+00, 0.00000000e+00, 0.00000000e+00, 0.00000000e+00, -2.48929160e+00, -1.17578707e-01, -3.82085900e-01, 1.91261965e-01, 3.04078106e+00, -6.4404819861, 0.0000000000, 0.8000000000, 4.5623524833
         327, 0.00000000e+00, 0.00000000e+00, 0.00000000e+00, 0.00000000e+00, 0.00000000e+00, 0.00000000e+00, 0.00000000e+00, 0.00000000e+00, 0.00000000e+00, 0.00000000e+00, 0.00000000e+00, 0.00000000e+00, 0.00000000e+00, 0.00000000e+00, 0.00000000e+00, -2.45853611e+00, -9.00998158e-02, -3.72555049e-01, 2.17800575e-01, 3.08549271e+00, -6.4155666614, 0.0000000000, 0.8000000000, 4.5764923833
         328, 0.00000000e+00, 0.00000000e+00, 0.00000000e+00, 0.00000000e+00, 0.00000000e+00, 0.00000000e+00, 0.00000000e+00, 0.00000000e+00, 0.00000000e+00, 0.00000000e+00, 0.00000000e+00, 0.00000000e+00, 0.00000000e+00, 0.00000000e+00, 0.00000000e+00, -2.41721259e+00, -5.06744806e-02, -3.69856539e-01, 2.76432424e-01, 3.17476405e+00, -6.3834688745, 0.0000000000, 0.8000000000, 4.5922729833
         329, 0.00000000e+00, 0.00000000e+00, 0.00000000e+00, 0.00000000e+00, 0.00000000e+00, 0.00000000e+00, 0.00000000e+00, 0.00000000e+00, 0.00000000e+00, 0.00000000e+00, 0.00000000e+00, 0.00000000e+00, 0.00000000e+00, 0.00000000e+00, 0.00000000e+00, -2.38747015e+00, -2.45288055e-02, -3.71141791e-01, 3.03895603e-01, 3.17359415e+00, -6.3566454129, 0.0000000000, 0.8000000000, 4.6095835167
         330, 0.00000000e+00, 0.00000000e+00, 0.00000000e+00, 0.00000000e+00, 0.00000000e+00, 0.00000000e+00, 0.00000000e+00, 0.00000000e+00, 0.00000000e+00, 0.00000000e+00, 0.00000000e+00, 0.00000000e+00, 0.00000000e+00, 0.00000000e+00, 0.00000000e+00, -2.36941789e+00, -1.19734047e-02, -3.76730250e-01, 3.45525481e-01, 3.21809648e+00, -6.3400142348, 0.0000000000, 0.8000000000, 4.6262315500
         331, 0.00000000e+00, 0.00000000e+00, 0.00000000e+00, 0.00000000e+00, 0.00000000e+00, 0.00000000e+00, 0.00000000e+00, 0.00000000e+00, 0.00000000e+00, 0.00000000e+00, 0.00000000e+00, 0.00000000e+00, 0.00000000e+00, 0.00000000e+00, 0.00000000e+00, -2.34989594e+00, -6.57725636e-05, -3.70301995e-01, 3.69426282e-01, 3.25422013e+00, -6.3307266846, 0.0000000000, 0.8000000000, 4.6411390333
         332, 0.00000000e+00, 0.00000000e+00, 0.00000000e+00, 0.00000000e+00, 0.00000000e+00, 0.00000000e+00, 0.00000000e+00, 0.00000000e+00, 0.00000000e+00, 0.00000000e+00, 0.00000000e+00, 0.00000000e+00, 0.00000000e+00, 0.00000000e+00, 0.00000000e+00, -2.34949780e+00, 1.28026156e-04, -3.71083734e-01, 3.57819677e-01, 3.24285731e+00, -6.3192870152, 0.0000000000, 0.8000000000, 4.6559046000
         333, 0.00000000e+00, 0.00000000e+00, 0.00000000e+00, 0.00000000e+00, 0.00000000e+00, 0.00000000e+00, 0.00000000e+00, 0.00000000e+00, 0.00000000e+00, 0.00000000e+00, 0.00000000e+00, 0.00000000e+00, 0.00000000e+00, 0.00000000e+00, 0.00000000e+00, -2.34015456e+00, 5.15870279e-03, -3.59876268e-01, 3.87301070e-01, 3.24623740e+00, -6.3086434477, 0.0000000000, 0.8000000000, 4.6699872667
         334, 0.00000000e+00, 0.00000000e+00, 0.00000000e+00, 0.00000000e+00, 0.00000000e+00, 0.00000000e+00, 0.00000000e+00, 0.00000000e+00, 0.00000000e+00, 0.00000000e+00, 0.00000000e+00, 0.00000000e+00, 0.00000000e+00, 0.00000000e+00, 0.00000000e+00, -2.35343485e+00, -4.24807488e-03, -3.47877888e-01, 4.00822389e-01, 3.28269799e+00, -6.2952283564, 0.0000000000, 0.8000000000, 4.6831951167
         335, 0.00000000e+00, 0.00000000e+00, 0.00000000e+00, 0.00000000e+00, 0.00000000e+00, 0.00000000e+00, 0.00000000e+00, 0.00000000e+00, 0.00000000e+00, 0.00000000e+00, 0.00000000e+00, 0.00000000e+00, 0.00000000e+00, 0.00000000e+00, 0.00000000e+00, -2.34710803e+00, 1.70781436e-03, -3.38018097e-01, 4.03282233e-01, 3.31383767e+00, -6.2891227298, 0.0000000000, 0.8000000000, 4.6976485500
         336, 0.00000000e+00, 0.00000000e+00, 0.00000000e+00, 0.00000000e+00, 0.00000000e+00, 0.00000000e+00, 0.00000000e+00, 0.00000000e+00, 0.00000000e+00, 0.00000000e+00, 0.00000000e+00, 0.00000000e+00, 0.00000000e+00, 0.00000000e+00, 0.00000000e+00, -2.32622107e+00, 1.78300742e-02, -3.33528830e-01, 4.43753062e-01, 3.29909174e+00, -6.2867919901, 0.0000000000, 0.8000000000, 4.7103808833
         337, 0.00000000e+00, 0.00000000e+00, 0.00000000e+00, 0.00000000e+00, 0.00000000e+00, 0.00000000e+00, 0.00000000e+00, 0.00000000e+00, 0.00000000e+00, 0.00000000e+00, 0.00000000e+00, 0.00000000e+00, 0.00000000e+00, 0.00000000e+00, 0.00000000e+00, -2.27693553e+00, 5.42347276e-02, -3.33562941e-01, 5.07767709e-01, 3.35984426e+00, -6.2931544886, 0.0000000000, 0.8000000000, 4.7242107333
         338, 0.00000000e+00, 0.00000000e+00, 0.00000000e+00, 0.00000000e+00, 0.00000000e+00, 0.00000000e+00, 0.00000000e+00, 0.00000000e+00, 0.00000000e+00, 0.00000000e+00, 0.00000000e+00, 0.00000000e+00, 0.00000000e+00, 0.00000000e+00, 0.00000000e+00, -2.28969049e+00, 4.57193485e-02, -3.22049917e-01, 5.12474901e-01, 3.44805273e+00, -6.3053786885, 0.0000000000, 0.8000000000, 4.7376444500
         339, 0.00000000e+00, 0.00000000e+00, 0.00000000e+00, 0.00000000e+00, 0.00000000e+00, 0.00000000e+00, 0.00000000e+00, 0.00000000e+00, 0.00000000e+00, 0.00000000e+00, 0.00000000e+00, 0.00000000e+00, 0.00000000e+00, 0.00000000e+00, 0.00000000e+00, -2.27270149e+00, 5.75906009e-02, -3.45106772e-01, 5.03987060e-01, 3.41558392e+00, -6.3078360539, 0.0000000000, 0.8000000000, 4.7536043333
         340, 0.00000000e+00, 0.00000000e+00, 0.00000000e+00, 0.00000000e+00, 0.00000000e+00, 0.00000000e+00, 0.00000000e+00, 0.00000000e+00, 0.00000000e+00, 0.00000000e+00, 0.00000000e+00, 0.00000000e+00, 0.00000000e+00, 0.00000000e+00, 0.00000000e+00, -2.24669044e+00, 7.54514566e-02, -3.31349779e-01, 5.65545093e-01, 3.40763124e+00, -6.2995350640, 0.0000000000, 0.8000000000, 4.7693441333
         341, 0.00000000e+00, 0.00000000e+00, 0.00000000e+00, 0.00000000e+00, 0.00000000e+00, 0.00000000e+00, 0.00000000e+00, 0.00000000e+00, 0.00000000e+00, 0.00000000e+00, 0.00000000e+00, 0.00000000e+00, 0.00000000e+00, 0.00000000e+00, 0.00000000e+00, -2.23190970e+00, 8.58621628e-02, -2.94882979e-01, 6.23146857e-01, 3.51414073e+00, -6.2879522861, 0.0000000000, 0.8000000000, 4.7854737000
         342, 0.00000000e+00, 0.00000000e+00, 0.00000000e+00, 0.00000000e+00, 0.00000000e+00, 0.00000000e+00, 0.00000000e+00, 0.00000000e+00, 0.00000000e+00, 0.00000000e+00, 0.00000000e+00, 0.00000000e+00, 0.00000000e+00, 0.00000000e+00, 0.00000000e+00, -2.24531199e+00, 7.40353285e-02, -2.16351714e-01, 6.21616355e-01, 3.53900871e+00, -6.2767958473, 0.0000000000, 0.8000000000, 4.8001796667
         343, 0.00000000e+00, 0.00000000e+00, 0.00000000e+00, 0.00000000e+00, 0.00000000e+00, 0.00000000e+00, 0.00000000e+00, 0.00000000e+00, 0.00000000e+00, 0.00000000e+00, 0.00000000e+00, 0.00000000e+00, 0.00000000e+00, 0.00000000e+00, 0.00000000e+00, -2.20586906e+00, 1.11561474e-01, -1.82435137e-01, 5.92464972e-01, 3.56852921e+00, -6.2697457512, 0.0000000000, 0.8000000000, 4.8149532833
         344, 0.00000000e+00, 0.00000000e+00, 0.00000000e+00, 0.00000000e+00, 0.00000000e+00, 0.00000000e+00, 0.00000000e+00, 0.00000000e+00, 0.00000000e+00, 0.00000000e+00, 0.00000000e+00, 0.00000000e+00, 0.00000000e+00, 0.00000000e+00, 0.00000000e+00, -2.12642761e+00, 1.75885338e-01, -1.44218779e-01, 7.13016233e-01, 3.53117811e+00, -6.2582963076, 0.0000000000, 0.8000000000, 4.8295528167
         345, 0.00000000e+00, 0.00000000e+00, 0.00000000e+00, 0.00000000e+00, 0.00000000e+00, 0.00000000e+00, 0.00000000e+00, 0.00000000e+00, 0.00000000e+00, 0.00000000e+00, 0.00000000e+00, 0.00000000e+00, 0.00000000e+00, 0.00000000e+00, 0.00000000e+00, -2.05865164e+00, 2.27409780e-01, -1.19764142e-01, 9.53424727e-01, 3.93589434e+00, -6.2366184444, 0.0000000000, 0.8000000000, 4.8465173500
         346, 0.00000000e+00, 0.00000000e+00, 0.00000000e+00, 0.00000000e+00, 0.00000000e+00, 0.00000000e+00, 0.00000000e+00, 0.00000000e+00, 0.00000000e+00, 0.00000000e+00, 0.00000000e+00, 0.00000000e+00, 0.00000000e+00, 0.00000000e+00, 0.00000000e+00, -1.89943691e+00, 3.72343229e-01, 5.20308287e-02, 1.19242130e+00, 4.19358193e+00, -6.2226938595, 0.0000000000, 0.8000000000, 4.8608175333
         347, 0.00000000e+00, 0.00000000e+00, 0.00000000e+00, 0.00000000e+00, 0.00000000e+00, 0.00000000e+00, 0.00000000e+00, 0.00000000e+00, 0.00000000e+00, 0.00000000e+00, 0.00000000e+00, 0.00000000e+00, 0.00000000e+00, 0.00000000e+00, 0.00000000e+00, -1.94879352e+00, 3.25449991e-01, 2.60404803e-01, 1.13294274e+00, 4.24514848e+00, -6.2082561931, 0.0000000000, 0.8000000000, 4.8747203000
         348, 0.00000000e+00, 0.00000000e+00, 0.00000000e+00, 0.00000000e+00, 0.00000000e+00, 0.00000000e+00, 0.00000000e+00, 0.00000000e+00, 0.00000000e+00, 0.00000000e+00, 0.00000000e+00, 0.00000000e+00, 0.00000000e+00, 0.00000000e+00, 0.00000000e+00, -1.88035843e+00, 3.89921660e-01, 2.63670466e-01, 1.22285375e+00, 4.28554482e+00, -6.2055167862, 0.0000000000, 0.8000000000, 4.8874077333
         349, 0.00000000e+00, 0.00000000e+00, 0.00000000e+00, 0.00000000e+00, 0.00000000e+00, 0.00000000e+00, 0.00000000e+00, 0.00000000e+00, 0.00000000e+00, 0.00000000e+00, 0.00000000e+00, 0.00000000e+00, 0.00000000e+00, 0.00000000e+00, 0.00000000e+00, -1.91268700e+00, 3.52321186e-01, 3.50087117e-01, 1.22127330e+00, 4.32927287e+00, -6.2060371509, 0.0000000000, 0.8000000000, 4.8998513000
         350, 0.00000000e+00, 0.00000000e+00, 0.00000000e+00, 0.00000000e+00, 0.00000000e+00, 0.00000000e+00, 0.00000000e+00, 0.00000000e+00, 0.00000000e+00, 0.00000000e+00, 0.00000000e+00, 0.00000000e+00, 0.00000000e+00, 0.00000000e+00, 0.00000000e+00, -1.92919068e+00, 3.36137471e-01, 4.70918622e-01, 1.20968634e+00, 4.34227352e+00, -6.2091222104, 0.0000000000, 0.8000000000, 4.9121649667
         351, 0.00000000e+00, 0.00000000e+00, 0.00000000e+00, 0.00000000e+00, 0.00000000e+00, 0.00000000e+00, 0.00000000e+00, 0.00000000e+00, 0.00000000e+00, 0.00000000e+00, 0.00000000e+00, 0.00000000e+00, 0.00000000e+00, 0.00000000e+00, 0.00000000e+00, -1.93483776e+00, 3.29102283e-01, 5.43494675e-01, 1.19218637e+00, 4.32671952e+00, -6.2111688689, 0.0000000000, 0.8000000000, 4.9255305500
         352, 0.00000000e+00, 0.00000000e+00, 0.00000000e+00, 0.00000000e+00, 0.00000000e+00, 0.00000000e+00, 0.00000000e+00, 0.00000000e+00, 0.00000000e+00, 0.00000000e+00, 0.00000000e+00, 0.00000000e+00, 0.00000000e+00, 0.00000000e+00, 0.00000000e+00, -1.91150984e+00, 3.51766106e-01, 5.70116640e-01, 1.20350301e+00, 4.30836453e+00, -6.2098375743, 0.0000000000, 0.8000000000, 4.9393394333
         353, 0.00000000e+00, 0.00000000e+00, 0.00000000e+00, 0.00000000e+00, 0.00000000e+00, 0.00000000e+00, 0.00000000e+00, 0.00000000e+00, 0.00000000e+00, 0.00000000e+00, 0.00000000e+00, 0.00000000e+00, 0.00000000e+00, 0.00000000e+00, 0.00000000e+00, -1.90720221e+00, 3.53171703e-01, 5.90947514e-01, 1.22463499e+00, 4.33440944e+00, -6.2103406628, 0.0000000000, 0.8000000000, 4.9526445667
         354, 0.00000000e+00, 0.00000000e+00, 0.00000000e+00, 0.00000000e+00, 0.00000000e+00, 0.00000000e+00, 0.00000000e+00, 0.00000000e+00, 0.00000000e+00, 0.00000000e+00, 0.00000000e+00, 0.00000000e+00, 0.00000000e+00, 0.00000000e+00, 0.00000000e+00, -1.89006107e+00, 3.68629833e-01, 6.56048195e-01, 1.23246441e+00, 4.34474336e+00, -6.2129719072, 0.0000000000, 0.8000000000, 4.9655598333
         355, 0.00000000e+00, 0.00000000e+00, 0.00000000e+00, 0.00000000e+00, 0.00000000e+00, 0.00000000e+00, 0.00000000e+00, 0.00000000e+00, 0.00000000e+00, 0.00000000e+00, 0.00000000e+00, 0.00000000e+00, 0.00000000e+00, 0.00000000e+00, 0.00000000e+00, -1.88621756e+00, 3.72627274e-01, 7.47409435e-01, 1.23466464e+00, 4.34699085e+00, -6.2174484762, 0.0000000000, 0.8000000000, 4.9798991667
         356, 0.00000000e+00, 0.00000000e+00, 0.00000000e+00, 0.00000000e+00, 0.00000000e+00, 0.00000000e+00, 0.00000000e+00, 0.00000000e+00, 0.00000000e+00, 0.00000000e+00, 0.00000000e+00, 0.00000000e+00, 0.00000000e+00, 0.00000000e+00, 0.00000000e+00, -1.87010196e+00, 3.85298183e-01, 7.81617133e-01, 1.25656203e+00, 4.36108353e+00, -6.2171300000, 0.0000000000, 0.8000000000, 4.9946928333
         357, 0.00000000e+00, 0.00000000e+00, 0.00000000e+00, 0.00000000e+00, 0.00000000e+00, 0.00000000e+00, 0.00000000e+00, 0.00000000e+00, 0.00000000e+00, 0.00000000e+00, 0.00000000e+00, 0.00000000e+00, 0.00000000e+00, 0.00000000e+00, 0.00000000e+00, -1.83774046e+00, 4.12094773e-01, 8.38116434e-01, 1.29125182e+00, 4.39249993e+00, -6.2082912272, 0.0000000000, 0.8000000000, 5.0079985167
         358, 0.00000000e+00, 0.00000000e+00, 0.00000000e+00, 0.00000000e+00, 0.00000000e+00, 0.00000000e+00, 0.00000000e+00, 0.00000000e+00, 0.00000000e+00, 0.00000000e+00, 0.00000000e+00, 0.00000000e+00, 0.00000000e+00, 0.00000000e+00, 0.00000000e+00, -1.81701611e+00, 4.29105419e-01, 8.91766137e-01, 1.31771558e+00, 4.41938619e+00, -6.1826957341, 0.0000000000, 0.8000000000, 5.0212305833
         359, 0.00000000e+00, 0.00000000e+00, 0.00000000e+00, 0.00000000e+00, 0.00000000e+00, 0.00000000e+00, 0.00000000e+00, 0.00000000e+00, 0.00000000e+00, 0.00000000e+00, 0.00000000e+00, 0.00000000e+00, 0.00000000e+00, 0.00000000e+00, 0.00000000e+00, -1.79498308e+00, 4.49864908e-01, 9.43878534e-01, 1.33799106e+00, 4.44607635e+00, -6.1608217352, 0.0000000000, 0.8000000000, 5.0334665500
         360, 0.00000000e+00, 0.00000000e+00, 0.00000000e+00, 0.00000000e+00, 0.00000000e+00, 0.00000000e+00, 0.00000000e+00, 0.00000000e+00, 0.00000000e+00, 0.00000000e+00, 0.00000000e+00, 0.00000000e+00, 0.00000000e+00, 0.00000000e+00, 0.00000000e+00, -1.76838430e+00, 4.73034799e-01, 9.71075091e-01, 1.36473724e+00, 4.46192835e+00, -6.1480912358, 0.0000000000, 0.8000000000, 5.0459412333
         361, 0.00000000e+00, 0.00000000e+00, 0.00000000e+00, 0.00000000e+00, 0.00000000e+00, 0.00000000e+00, 0.00000000e+00, 0.00000000e+00, 0.00000000e+00, 0.00000000e+00, 0.00000000e+00, 0.00000000e+00, 0.00000000e+00, 0.00000000e+00, 0.00000000e+00, -1.73727499e+00, 4.98868765e-01, 1.02619764e+00, 1.40595724e+00, 4.49660615e+00, -6.1451391020, 0.0000000000, 0.8000000000, 5.0598089167
         362, 0.00000000e+00, 0.00000000e+00, 0.00000000e+00, 0.00000000e+00, 0.00000000e+00, 0.00000000e+00, 0.00000000e+00, 0.00000000e+00, 0.00000000e+00, 0.00000000e+00, 0.00000000e+00, 0.00000000e+00, 0.00000000e+00, 0.00000000e+00, 0.00000000e+00, -1.71286604e+00, 5.16011359e-01, 1.06324634e+00, 1.42960288e+00, 4.52838860e+00, -6.1450249574, 0.0000000000, 0.8000000000, 5.0743397000
         363, 0.00000000e+00, 0.00000000e+00, 0.00000000e+00, 0.00000000e+00, 0.00000000e+00, 0.00000000e+00, 0.00000000e+00, 0.00000000e+00, 0.00000000e+00, 0.00000000e+00, 0.00000000e+00, 0.00000000e+00, 0.00000000e+00, 0.00000000e+00, 0.00000000e+00, -1.69115232e+00, 5.30489189e-01, 1.09384782e+00, 1.45337657e+00, 4.54153684e+00, -6.1420874602, 0.0000000000, 0.8000000000, 5.0888274500
         364, 0.00000000e+00, 0.00000000e+00, 0.00000000e+00, 0.00000000e+00, 0.00000000e+00, 0.00000000e+00, 0.00000000e+00, 0.00000000e+00, 0.00000000e+00, 0.00000000e+00, 0.00000000e+00, 0.00000000e+00, 0.00000000e+00, 0.00000000e+00, 0.00000000e+00, -1.66411513e+00, 5.50824047e-01, 1.15060666e+00, 1.48454339e+00, 4.56757029e+00, -6.1291278829, 0.0000000000, 0.8000000000, 5.1043331833
         365, 0.00000000e+00, 0.00000000e+00, 0.00000000e+00, 0.00000000e+00, 0.00000000e+00, 0.00000000e+00, 0.00000000e+00, 0.00000000e+00, 0.00000000e+00, 0.00000000e+00, 0.00000000e+00, 0.00000000e+00, 0.00000000e+00, 0.00000000e+00, 0.00000000e+00, -1.63689686e+00, 5.74400380e-01, 1.17946273e+00, 1.51573743e+00, 4.60444433e+00, -6.1124601367, 0.0000000000, 0.8000000000, 5.1193700500
         366, 0.00000000e+00, 0.00000000e+00, 0.00000000e+00, 0.00000000e+00, 0.00000000e+00, 0.00000000e+00, 0.00000000e+00, 0.00000000e+00, 0.00000000e+00, 0.00000000e+00, 0.00000000e+00, 0.00000000e+00, 0.00000000e+00, 0.00000000e+00, 0.00000000e+00, -1.59554349e+00, 6.08485501e-01, 1.19167848e+00, 1.55086037e+00, 4.61820774e+00, -6.0885362532, 0.0000000000, 0.8000000000, 5.1347561500
         367, 0.00000000e+00, 0.00000000e+00, 0.00000000e+00, 0.00000000e+00, 0.00000000e+00, 0.00000000e+00, 0.00000000e+00, 0.00000000e+00, 0.00000000e+00, 0.00000000e+00, 0.00000000e+00, 0.00000000e+00, 0.00000000e+00, 0.00000000e+00, 0.00000000e+00, -1.56999024e+00, 6.30764609e-01, 1.27193571e+00, 1.58880301e+00, 4.65866509e+00, -6.0642170931, 0.0000000000, 0.8000000000, 5.1490008667
         368, 0.00000000e+00, 0.00000000e+00, 0.00000000e+00, 0.00000000e+00, 0.00000000e+00, 0.00000000e+00, 0.00000000e+00, 0.00000000e+00, 0.00000000e+00, 0.00000000e+00, 0.00000000e+00, 0.00000000e+00, 0.00000000e+00, 0.00000000e+00, 0.00000000e+00, -1.55032364e+00, 6.54310344e-01, 1.31026451e+00, 1.61057662e+00, 4.69413662e+00, -6.0458130912, 0.0000000000, 0.8000000000, 5.1615982333
         369, 0.00000000e+00, 0.00000000e+00, 0.00000000e+00, 0.00000000e+00, 0.00000000e+00, 0.00000000e+00, 0.00000000e+00, 0.00000000e+00, 0.00000000e+00, 0.00000000e+00, 0.00000000e+00, 0.00000000e+00, 0.00000000e+00, 0.00000000e+00, 0.00000000e+00, -1.50286116e+00, 6.88086899e-01, 1.30118179e+00, 1.65464374e+00, 4.70487657e+00, -6.0401965962, 0.0000000000, 0.8000000000, 5.1734309833
         370, 0.00000000e+00, 0.00000000e+00, 0.00000000e+00, 0.00000000e+00, 0.00000000e+00, 0.00000000e+00, 0.00000000e+00, 0.00000000e+00, 0.00000000e+00, 0.00000000e+00, 0.00000000e+00, 0.00000000e+00, 0.00000000e+00, 0.00000000e+00, 0.00000000e+00, -1.47028978e+00, 7.01836175e-01, 1.37188513e+00, 1.70734935e+00, 4.75839394e+00, -6.0358445532, 0.0000000000, 0.8000000000, 5.1853315333
         371, 0.00000000e+00, 0.00000000e+00, 0.00000000e+00, 0.00000000e+00, 0.00000000e+00, 0.00000000e+00, 0.00000000e+00, 0.00000000e+00, 0.00000000e+00, 0.00000000e+00, 0.00000000e+00, 0.00000000e+00, 0.00000000e+00, 0.00000000e+00, 0.00000000e+00, -1.46091507e+00, 7.19322330e-01, 1.40344956e+00, 1.71406857e+00, 4.76786198e+00, -6.0191179598, 0.0000000000, 0.8000000000, 5.1990363167
         372, 0.00000000e+00, 0.00000000e+00, 0.00000000e+00, 0.00000000e+00, 0.00000000e+00, 0.00000000e+00, 0.00000000e+00, 0.00000000e+00, 0.00000000e+00, 0.00000000e+00, 0.00000000e+00, 0.00000000e+00, 0.00000000e+00, 0.00000000e+00, 0.00000000e+00, -1.38609570e+00, 7.48826737e-01, 1.36192154e+00, 1.81540561e+00, 4.80701493e+00, -5.9987519669, 0.0000000000, 0.8000000000, 5.2143170000
         373, 0.00000000e+00, 0.00000000e+00, 0.00000000e+00, 0.00000000e+00, 0.00000000e+00, 0.00000000e+00, 0.00000000e+00, 0.00000000e+00, 0.00000000e+00, 0.00000000e+00, 0.00000000e+00, 0.00000000e+00, 0.00000000e+00, 0.00000000e+00, 0.00000000e+00, -1.38683325e+00, 7.66455056e-01, 1.40661681e+00, 1.79764690e+00, 4.81492531e+00, -5.9706208000, 0.0000000000, 0.8000000000, 5.2286439833
         374, 0.00000000e+00, 0.00000000e+00, 0.00000000e+00, 0.00000000e+00, 0.00000000e+00, 0.00000000e+00, 0.00000000e+00, 0.00000000e+00, 0.00000000e+00, 0.00000000e+00, 0.00000000e+00, 0.00000000e+00, 0.00000000e+00, 0.00000000e+00, 0.00000000e+00, -1.39053937e+00, 7.50358435e-01, 1.37737939e+00, 1.79663465e+00, 4.78577476e+00, -5.9433128837, 0.0000000000, 0.8000000000, 5.2415445833
         375, 0.00000000e+00, 0.00000000e+00, 0.00000000e+00, 0.00000000e+00, 0.00000000e+00, 0.00000000e+00, 0.00000000e+00, 0.00000000e+00, 0.00000000e+00, 0.00000000e+00, 0.00000000e+00, 0.00000000e+00, 0.00000000e+00, 0.00000000e+00, 0.00000000e+00, -1.35265601e+00, 7.88306044e-01, 1.40636898e+00, 1.84329376e+00, 4.83292558e+00, -5.9182811242, 0.0000000000, 0.8000000000, 5.2540694833
         376, 0.00000000e+00, 0.00000000e+00, 0.00000000e+00, 0.00000000e+00, 0.00000000e+00, 0.00000000e+00, 0.00000000e+00, 0.00000000e+00, 0.00000000e+00, 0.00000000e+00, 0.00000000e+00, 0.00000000e+00, 0.00000000e+00, 0.00000000e+00, 0.00000000e+00, -1.30427470e+00, 8.27978690e-01, 1.43080894e+00, 1.88722062e+00, 4.86253813e+00, -5.9019462006, 0.0000000000, 0.8000000000, 5.2667072000
         377, 0.00000000e+00, 0.00000000e+00, 0.00000000e+00, 0.00000000e+00, 0.00000000e+00, 0.00000000e+00, 0.00000000e+00, 0.00000000e+00, 0.00000000e+00, 0.00000000e+00, 0.00000000e+00, 0.00000000e+00, 0.00000000e+00, 0.00000000e+00, 0.00000000e+00, -1.32985170e+00, 8.20421338e-01, 1.41564746e+00, 1.86363954e+00, 4.83943633e+00, -5.8833105023, 0.0000000000, 0.8000000000, 5.2793400833
         378, 0.00000000e+00, 0.00000000e+00, 0.00000000e+00, 0.00000000e+00, 0.00000000e+00, 0.00000000e+00, 0.00000000e+00, 0.00000000e+00, 0.00000000e+00, 0.00000000e+00, 0.00000000e+00, 0.00000000e+00, 0.00000000e+00, 0.00000000e+00, 0.00000000e+00, -1.29425563e+00, 8.31985007e-01, 1.42552011e+00, 1.90068236e+00, 4.85191887e+00, -5.8644589819, 0.0000000000, 0.8000000000, 5.2919416833
         379, 0.00000000e+00, 0.00000000e+00, 0.00000000e+00, 0.00000000e+00, 0.00000000e+00, 0.00000000e+00, 0.00000000e+00, 0.00000000e+00, 0.00000000e+00, 0.00000000e+00, 0.00000000e+00, 0.00000000e+00, 0.00000000e+00, 0.00000000e+00, 0.00000000e+00, -1.26059228e+00, 8.62511880e-01, 1.44885692e+00, 1.91909995e+00, 4.86554224e+00, -5.8371577755, 0.0000000000, 0.8000000000, 5.3056122667
         380, 0.00000000e+00, 0.00000000e+00, 0.00000000e+00, 0.00000000e+00, 0.00000000e+00, 0.00000000e+00, 0.00000000e+00, 0.00000000e+00, 0.00000000e+00, 0.00000000e+00, 0.00000000e+00, 0.00000000e+00, 0.00000000e+00, 0.00000000e+00, 0.00000000e+00, -1.24886376e+00, 8.75726306e-01, 1.53745397e+00, 1.94967822e+00, 4.93245018e+00, -5.8067685097, 0.0000000000, 0.8000000000, 5.3195550167
         381, 0.00000000e+00, 0.00000000e+00, 0.00000000e+00, 0.00000000e+00, 0.00000000e+00, 0.00000000e+00, 0.00000000e+00, 0.00000000e+00, 0.00000000e+00, 0.00000000e+00, 0.00000000e+00, 0.00000000e+00, 0.00000000e+00, 0.00000000e+00, 0.00000000e+00, -1.20041988e+00, 8.93792486e-01, 1.50146003e+00, 2.01414925e+00, 4.96653910e+00, -5.7965437042, 0.0000000000, 0.8000000000, 5.3334551167
         382, 0.00000000e+00, 0.00000000e+00, 0.00000000e+00, 0.00000000e+00, 0.00000000e+00, 0.00000000e+00, 0.00000000e+00, 0.00000000e+00, 0.00000000e+00, 0.00000000e+00, 0.00000000e+00, 0.00000000e+00, 0.00000000e+00, 0.00000000e+00, 0.00000000e+00, -1.17005987e+00, 9.29947542e-01, 1.54454474e+00, 2.02257178e+00, 4.96656997e+00, -5.7748426599, 0.0000000000, 0.8000000000, 5.3490037833
         383, 0.00000000e+00, 0.00000000e+00, 0.00000000e+00, 0.00000000e+00, 0.00000000e+00, 0.00000000e+00, 0.00000000e+00, 0.00000000e+00, 0.00000000e+00, 0.00000000e+00, 0.00000000e+00, 0.00000000e+00, 0.00000000e+00, 0.00000000e+00, 0.00000000e+00, -1.18078233e+00, 9.18265917e-01, 1.58179845e+00, 2.01850798e+00, 4.97461567e+00, -5.7496097651, 0.0000000000, 0.8000000000, 5.3624671833
         384, 0.00000000e+00, 0.00000000e+00, 0.00000000e+00, 0.00000000e+00, 0.00000000e+00, 0.00000000e+00, 0.00000000e+00, 0.00000000e+00, 0.00000000e+00, 0.00000000e+00, 0.00000000e+00, 0.00000000e+00, 0.00000000e+00, 0.00000000e+00, 0.00000000e+00, -1.16240137e+00, 9.34731319e-01, 1.57452203e+00, 2.03608675e+00, 4.96636252e+00, -5.7292857562, 0.0000000000, 0.8000000000, 5.3771636500
         385, 0.00000000e+00, 0.00000000e+00, 0.00000000e+00, 0.00000000e+00, 0.00000000e+00, 0.00000000e+00, 0.00000000e+00, 0.00000000e+00, 0.00000000e+00, 0.00000000e+00, 0.00000000e+00, 0.00000000e+00, 0.00000000e+00, 0.00000000e+00, 0.00000000e+00, -1.13962182e+00, 9.78071972e-01, 1.61580528e+00, 2.03887430e+00, 4.98367036e+00, -5.7013407696, 0.0000000000, 0.8000000000, 5.3913663000
         386, 0.00000000e+00, 0.00000000e+00, 0.00000000e+00, 0.00000000e+00, 0.00000000e+00, 0.00000000e+00, 0.00000000e+00, 0.00000000e+00, 0.00000000e+00, 0.00000000e+00, 0.00000000e+00, 0.00000000e+00, 0.00000000e+00, 0.00000000e+00, 0.00000000e+00, -1.13792947e+00, 9.83137289e-01, 1.65979286e+00, 2.05713891e+00, 5.01193571e+00, -5.6740686586, 0.0000000000, 0.8000000000, 5.4114926000
         387, 0.00000000e+00, 0.00000000e+00, 0.00000000e+00, 0.00000000e+00, 0.00000000e+00, 0.00000000e+00, 0.00000000e+00, 0.00000000e+00, 0.00000000e+00, 0.00000000e+00, 0.00000000e+00, 0.00000000e+00, 0.00000000e+00, 0.00000000e+00, 0.00000000e+00, -1.08395025e+00, 1.02504079e+00, 1.69178696e+00, 2.11103566e+00, 5.02893868e+00, -5.6608542301, 0.0000000000, 0.8000000000, 5.4280383000
         388, 0.00000000e+00, 0.00000000e+00, 0.00000000e+00, 0.00000000e+00, 0.00000000e+00, 0.00000000e+00, 0.00000000e+00, 0.00000000e+00, 0.00000000e+00, 0.00000000e+00, 0.00000000e+00, 0.00000000e+00, 0.00000000e+00, 0.00000000e+00, 0.00000000e+00, -1.07527501e+00, 1.04646492e+00, 1.71877627e+00, 2.10931114e+00, 5.05942766e+00, -5.6311523862, 0.0000000000, 0.8000000000, 5.4428858500
         389, 0.00000000e+00, 0.00000000e+00, 0.00000000e+00, 0.00000000e+00, 0.00000000e+00, 0.00000000e+00, 0.00000000e+00, 0.00000000e+00, 0.00000000e+00, 0.00000000e+00, 0.00000000e+00, 0.00000000e+00, 0.00000000e+00, 0.00000000e+00, 0.00000000e+00, -1.08032101e+00, 1.06869507e+00, 1.76535369e+00, 2.10204443e+00, 5.06124856e+00, -5.6087628707, 0.0000000000, 0.8000000000, 5.4566223000
         390, 0.00000000e+00, 0.00000000e+00, 0.00000000e+00, 0.00000000e+00, 0.00000000e+00, 0.00000000e+00, 0.00000000e+00, 0.00000000e+00, 0.00000000e+00, 0.00000000e+00, 0.00000000e+00, 0.00000000e+00, 0.00000000e+00, 0.00000000e+00, 0.00000000e+00, -1.06593422e+00, 1.08877524e+00, 1.78331570e+00, 2.11755166e+00, 5.06721802e+00, -5.5872119346, 0.0000000000, 0.8000000000, 5.4671343000
         391, 0.00000000e+00, 0.00000000e+00, 0.00000000e+00, 0.00000000e+00, 0.00000000e+00, 0.00000000e+00, 0.00000000e+00, 0.00000000e+00, 0.00000000e+00, 0.00000000e+00, 0.00000000e+00, 0.00000000e+00, 0.00000000e+00, 0.00000000e+00, 0.00000000e+00, -1.02619393e+00, 1.11106220e+00, 1.81757848e+00, 2.16148643e+00, 5.11480087e+00, -5.5632334466, 0.0000000000, 0.8000000000, 5.4787995500
         392, 0.00000000e+00, 0.00000000e+00, 0.00000000e+00, 0.00000000e+00, 0.00000000e+00, 0.00000000e+00, 0.00000000e+00, 0.00000000e+00, 0.00000000e+00, 0.00000000e+00, 0.00000000e+00, 0.00000000e+00, 0.00000000e+00, 0.00000000e+00, 0.00000000e+00, -1.01107790e+00, 1.12975606e+00, 1.85023937e+00, 2.17295061e+00, 5.13437002e+00, -5.5434848562, 0.0000000000, 0.8000000000, 5.4912809833
         393, 0.00000000e+00, 0.00000000e+00, 0.00000000e+00, 0.00000000e+00, 0.00000000e+00, 0.00000000e+00, 0.00000000e+00, 0.00000000e+00, 0.00000000e+00, 0.00000000e+00, 0.00000000e+00, 0.00000000e+00, 0.00000000e+00, 0.00000000e+00, 0.00000000e+00, -9.80801459e-01, 1.15345599e+00, 1.91290395e+00, 2.20602716e+00, 5.18717311e+00, -5.5202352278, 0.0000000000, 0.8000000000, 5.5045043500
         394, 0.00000000e+00, 0.00000000e+00, 0.00000000e+00, 0.00000000e+00, 0.00000000e+00, 0.00000000e+00, 0.00000000e+00, 0.00000000e+00, 0.00000000e+00, 0.00000000e+00, 0.00000000e+00, 0.00000000e+00, 0.00000000e+00, 0.00000000e+00, 0.00000000e+00, -9.46622729e-01, 1.18717127e+00, 1.92397922e+00, 2.24941626e+00, 5.19826261e+00, -5.4961692386, 0.0000000000, 0.8000000000, 5.5168546500
         395, 0.00000000e+00, 0.00000000e+00, 0.00000000e+00, 0.00000000e+00, 0.00000000e+00, 0.00000000e+00, 0.00000000e+00, 0.00000000e+00, 0.00000000e+00, 0.00000000e+00, 0.00000000e+00, 0.00000000e+00, 0.00000000e+00, 0.00000000e+00, 0.00000000e+00, -9.16606026e-01, 1.20095388e+00, 1.96601532e+00, 2.27565263e+00, 5.23184214e+00, -5.4633845743, 0.0000000000, 0.8000000000, 5.5296093167
         396, 0.00000000e+00, 0.00000000e+00, 0.00000000e+00, 0.00000000e+00, 0.00000000e+00, 0.00000000e+00, 0.00000000e+00, 0.00000000e+00, 0.00000000e+00, 0.00000000e+00, 0.00000000e+00, 0.00000000e+00, 0.00000000e+00, 0.00000000e+00, 0.00000000e+00, -8.89827406e-01, 1.20751639e+00, 1.98593550e+00, 2.30318297e+00, 5.25268927e+00, -5.4486047773, 0.0000000000, 0.8000000000, 5.5421437333
         397, 0.00000000e+00, 0.00000000e+00, 0.00000000e+00, 0.00000000e+00, 0.00000000e+00, 0.00000000e+00, 0.00000000e+00, 0.00000000e+00, 0.00000000e+00, 0.00000000e+00, 0.00000000e+00, 0.00000000e+00, 0.00000000e+00, 0.00000000e+00, 0.00000000e+00, -8.56717724e-01, 1.26142321e+00, 2.00640526e+00, 2.32916510e+00, 5.27803197e+00, -5.4402957162, 0.0000000000, 0.8000000000, 5.5547799833
         398, 0.00000000e+00, 0.00000000e+00, 0.00000000e+00, 0.00000000e+00, 0.00000000e+00, 0.00000000e+00, 0.00000000e+00, 0.00000000e+00, 0.00000000e+00, 0.00000000e+00, 0.00000000e+00, 0.00000000e+00, 0.00000000e+00, 0.00000000e+00, 0.00000000e+00, -8.64649086e-01, 1.27045957e+00, 2.03262248e+00, 2.30903171e+00, 5.27392632e+00, -5.4102315076, 0.0000000000, 0.8000000000, 5.5676848667
         399, 0.00000000e+00, 0.00000000e+00, 0.00000000e+00, 0.00000000e+00, 0.00000000e+00, 0.00000000e+00, 0.00000000e+00, 0.00000000e+00, 0.00000000e+00, 0.00000000e+00, 0.00000000e+00, 0.00000000e+00, 0.00000000e+00, 0.00000000e+00, 0.00000000e+00, -8.43083858e-01, 1.29485896e+00, 2.07404069e+00, 2.33286057e+00, 5.30740086e+00, -5.3922106336, 0.0000000000, 0.8000000000, 5.5820954167
         400, 0.00000000e+00, 0.00000000e+00, 0.00000000e+00, 0.00000000e+00, 0.00000000e+00, 0.00000000e+00, 0.00000000e+00, 0.00000000e+00, 0.00000000e+00, 0.00000000e+00, 0.00000000e+00, 0.00000000e+00, 0.00000000e+00, 0.00000000e+00, 0.00000000e+00, -8.27872220e-01, 1.30135561e+00, 2.04824308e+00, 2.35243812e+00, 5.29345186e+00, -5.3766305444, 0.0000000000, 0.8000000000, 5.5954261333
         401, 0.00000000e+00, 0.00000000e+00, 0.00000000e+00, 0.00000000e+00, 0.00000000e+00, 0.00000000e+00, 0.00000000e+00, 0.00000000e+00, 0.00000000e+00, 0.00000000e+00, 0.00000000e+00, 0.00000000e+00, 0.00000000e+00, 0.00000000e+00, 0.00000000e+00, -8.03842365e-01, 1.28974823e+00, 2.01782200e+00, 2.36571595e+00, 5.29646514e+00, -5.3855909318, 0.0000000000, 0.8000000000, 5.6101206833
         402, 0.00000000e+00, 0.00000000e+00, 0.00000000e+00, 0.00000000e+00, 0.00000000e+00, 0.00000000e+00, 0.00000000e+00, 0.00000000e+00, 0.00000000e+00, 0.00000000e+00, 0.00000000e+00, 0.00000000e+00, 0.00000000e+00, 0.00000000e+00, 0.00000000e+00, -8.05105646e-01, 1.28517876e+00, 2.04786292e+00, 2.36721576e+00, 5.30891343e+00, -5.3907094357, 0.0000000000, 0.8000000000, 5.6288296000
         403, 0.00000000e+00, 0.00000000e+00, 0.00000000e+00, 0.00000000e+00, 0.00000000e+00, 0.00000000e+00, 0.00000000e+00, 0.00000000e+00, 0.00000000e+00, 0.00000000e+00, 0.00000000e+00, 0.00000000e+00, 0.00000000e+00, 0.00000000e+00, 0.00000000e+00, -7.92828496e-01, 1.35182324e+00, 2.09430815e+00, 2.37521760e+00, 5.32485601e+00, -5.3977587238, 0.0000000000, 0.8000000000, 5.6442164167
         404, 0.00000000e+00, 0.00000000e+00, 0.00000000e+00, 0.00000000e+00, 0.00000000e+00, 0.00000000e+00, 0.00000000e+00, 0.00000000e+00, 0.00000000e+00, 0.00000000e+00, 0.00000000e+00, 0.00000000e+00, 0.00000000e+00, 0.00000000e+00, 0.00000000e+00, -7.37236412e-01, 1.38763901e+00, 2.12797358e+00, 2.41410674e+00, 5.37087499e+00, -5.4134615801, 0.0000000000, 0.8000000000, 5.6581500333
         405, 0.00000000e+00, 0.00000000e+00, 0.00000000e+00, 0.00000000e+00, 0.00000000e+00, 0.00000000e+00, 0.00000000e+00, 0.00000000e+00, 0.00000000e+00, 0.00000000e+00, 0.00000000e+00, 0.00000000e+00, 0.00000000e+00, 0.00000000e+00, 0.00000000e+00, -7.68625849e-01, 1.39863241e+00, 2.14086590e+00, 2.38349770e+00, 5.36520244e+00, -5.4047189564, 0.0000000000, 0.8000000000, 5.6721297833
         406, 0.00000000e+00, 0.00000000e+00, 0.00000000e+00, 0.00000000e+00, 0.00000000e+00, 0.00000000e+00, 0.00000000e+00, 0.00000000e+00, 0.00000000e+00, 0.00000000e+00, 0.00000000e+00, 0.00000000e+00, 0.00000000e+00, 0.00000000e+00, 0.00000000e+00, -7.24551785e-01, 1.39186067e+00, 2.15780306e+00, 2.42453672e+00, 5.39576322e+00, -5.4159386054, 0.0000000000, 0.8000000000, 5.6868944833
